1,Loree,Folks,lfolks0,lfolks0@senate.gov,hfzus4V
2,Merwyn,Wrankmore,mwrankmore1,mwrankmore1@usatoday.com,vKW723jeOTO
3,Siffre,Trusler,strusler2,strusler2@webmd.com,5wckqSrZPSd
4,Harlie,Longmuir,hlongmuir3,hlongmuir3@hp.com,Q8dofCoobrLs
5,Cord,Brecher,cbrecher4,cbrecher4@amazon.co.uk,B868rCt3
6,Calv,Burthom,cburthom5,cburthom5@booking.com,snt5JWIy
7,Jo,Quarton,jquarton6,jquarton6@tumblr.com,42r1C3yH
8,Regan,Ferencz,rferencz7,rferencz7@thetimes.co.uk,2o1xUDfb1Uuu
9,Kirby,Saltman,ksaltman8,ksaltman8@wordpress.org,GZRCrFmP2qG5
10,Eddy,Seawell,eseawell9,eseawell9@weather.com,MQ0lhdQ
11,Cris,Ginsie,cginsiea,cginsiea@scribd.com,s8CMB53YP
12,Barbabra,Hinckesman,bhinckesmanb,bhinckesmanb@reddit.com,dtK0LW
13,Robbi,Trethowan,rtrethowanc,rtrethowanc@edublogs.org,NsHn0RrLt
14,Eddy,Penketh,epenkethd,epenkethd@spotify.com,1n58CS7OjQ
15,Cynthy,Emeny,cemenye,cemenye@google.com.br,2dQZWU
16,Reade,Beagley,rbeagleyf,rbeagleyf@vimeo.com,Zavc6LMk
17,Eden,Fosbraey,efosbraeyg,efosbraeyg@freewebs.com,KA1z2dz69tAy
18,Jerrilyn,Fluck,jfluckh,jfluckh@unicef.org,MZn6Y7wd1N3F
19,Torie,Bikker,tbikkeri,tbikkeri@4shared.com,ayJULA9
20,Pancho,Lidgerton,plidgertonj,plidgertonj@people.com.cn,WxhravGr
21,Layney,Curwen,lcurwenk,lcurwenk@gmpg.org,DSkS7Sw0dj
22,Celisse,Karczinski,ckarczinskil,ckarczinskil@discovery.com,leda3tqgufw
23,Quintus,Butterworth,qbutterworthm,qbutterworthm@va.gov,dX8Gfl7YFw
24,Gray,Featherstonhaugh,gfeatherstonhaughn,gfeatherstonhaughn@admin.ch,x7Ji4VQb
25,Felizio,Bows,fbowso,fbowso@privacy.gov.au,QjsfhE2HHV
26,Kinsley,Brunsen,kbrunsenp,kbrunsenp@thetimes.co.uk,RAsYgXRxVt
27,Lenette,Brazear,lbrazearq,lbrazearq@hhs.gov,ycS686kd
28,Zacharie,Arnholtz,zarnholtzr,zarnholtzr@tinyurl.com,C3UEeZnVd4CJ
29,Dore,Noice,dnoices,dnoices@irs.gov,2P98rKyb1
30,Fulton,Casero,fcaserot,fcaserot@gov.uk,yqT2Rk
31,Amalie,Hoffner,ahoffneru,ahoffneru@altervista.org,TyozWJNr
32,Lila,Scolts,lscoltsv,lscoltsv@php.net,BsjuWW
33,Vincent,Griss,vgrissw,vgrissw@bloglovin.com,bTdXrPzWUrCj
34,Kelley,Buffey,kbuffeyx,kbuffeyx@ebay.com,h41z4xNBSH
35,Delia,Roubay,droubayy,droubayy@people.com.cn,Md3xP3F
36,Bryn,Mc Grath,bmcgrathz,bmcgrathz@rambler.ru,kuTun6Vz
37,Ailina,Noar,anoar10,anoar10@scribd.com,DQGRyN
38,Berke,Dielhenn,bdielhenn11,bdielhenn11@51.la,iK8ds66tnbl
39,Fiann,Drayton,fdrayton12,fdrayton12@wikimedia.org,apS3Cxou639
40,Kaylyn,Peegrem,kpeegrem13,kpeegrem13@hatena.ne.jp,OjV7pf8CN7M
41,Shanta,Poulney,spoulney14,spoulney14@friendfeed.com,0gHPkuPN
42,Devonne,Iacovielli,diacovielli15,diacovielli15@ox.ac.uk,UxBBqp00QP
43,Ericka,Lapping,elapping16,elapping16@ucsd.edu,eNqdQc2
44,Kandace,Raund,kraund17,kraund17@amazon.de,Hw2Tde
45,Michel,Meyrick,mmeyrick18,mmeyrick18@tmall.com,SeT2O27S0mJ
46,Ingaberg,Cuthbert,icuthbert19,icuthbert19@wikipedia.org,3KtRrLIHkzBX
47,Edik,Cowderoy,ecowderoy1a,ecowderoy1a@skyrock.com,0PxTfxCqfC
48,Lorine,Collopy,lcollopy1b,lcollopy1b@sourceforge.net,1VPCknWxAh
49,Montague,Devin,mdevin1c,mdevin1c@geocities.jp,Obef1dwxdr2
50,Cody,Shackelton,cshackelton1d,cshackelton1d@themeforest.net,DBcXSQKH
51,Tallie,Serjeant,tserjeant1e,tserjeant1e@spotify.com,lut0dyS7DwX
52,Griffie,Sauter,gsauter1f,gsauter1f@cnet.com,mXhIRxN3fOXB
53,Willey,Draisey,wdraisey1g,wdraisey1g@arizona.edu,H7KsXGjQ0jS
54,Melina,Stirman,mstirman1h,mstirman1h@desdev.cn,BnsPrDBnJ4U
55,Wells,Caverhill,wcaverhill1i,wcaverhill1i@harvard.edu,LEheEsF
56,Gretel,Ralph,gralph1j,gralph1j@biglobe.ne.jp,yUWcAc8VAgTZ
57,Cletis,Ceschelli,cceschelli1k,cceschelli1k@wikia.com,g0eyzoRdwrqi
58,Lilllie,Boxill,lboxill1l,lboxill1l@tamu.edu,gULiid
59,Rena,Barrington,rbarrington1m,rbarrington1m@sun.com,LbgK2H
60,Anjanette,Birdseye,abirdseye1n,abirdseye1n@bravesites.com,g3lCVNuWn
61,Demetris,Abrashkov,dabrashkov1o,dabrashkov1o@google.cn,ZqEAAGdF
62,Lambert,Ketchell,lketchell1p,lketchell1p@wunderground.com,Xp8kFYy2
63,Lodovico,Mowlam,lmowlam1q,lmowlam1q@jalbum.net,gbb2T9VFT
64,Theodor,Fochs,tfochs1r,tfochs1r@woothemes.com,qNPIqGuH1aSt
65,Stewart,Swine,sswine1s,sswine1s@unblog.fr,JSHDTk
66,Babara,Paula,bpaula1t,bpaula1t@seattletimes.com,34i5Df70R
67,Alexander,Kember,akember1u,akember1u@ca.gov,0LOYTjKQY
68,Deonne,Whitehorn,dwhitehorn1v,dwhitehorn1v@etsy.com,p91RQ3RPAtZX
69,Rosamund,Gerrens,rgerrens1w,rgerrens1w@gnu.org,xjO1sjy
70,Mike,Larrat,mlarrat1x,mlarrat1x@dagondesign.com,JtyLGm
71,Jodi,Sapshed,jsapshed1y,jsapshed1y@uol.com.br,slmYqMuyZf
72,Tobias,Davie,tdavie1z,tdavie1z@usatoday.com,PwOq8agTA
73,Clio,Keech,ckeech20,ckeech20@ucoz.ru,ydYs4O
74,Davine,Gantz,dgantz21,dgantz21@histats.com,RdHPUT7l25y
75,Vivianna,Gladebeck,vgladebeck22,vgladebeck22@over-blog.com,rMoG3qF
76,Roberto,Mayers,rmayers23,rmayers23@blogtalkradio.com,fpwOmscyq
77,Brody,Groombridge,bgroombridge24,bgroombridge24@cloudflare.com,0WjtV0iST
78,Lyn,Bartlet,lbartlet25,lbartlet25@addtoany.com,CmKjjj
79,Kilian,Vlach,kvlach26,kvlach26@army.mil,JvDJTOT6Wh
80,Alverta,Caulder,acaulder27,acaulder27@cisco.com,q9vxNRJfs
81,Erwin,Blakden,eblakden28,eblakden28@abc.net.au,T9X2x7eMBt
82,Hildagarde,Mirams,hmirams29,hmirams29@icq.com,YeSUL4m
83,Estele,Figliovanni,efigliovanni2a,efigliovanni2a@sfgate.com,AHRj8SSoK
84,Gibb,McFee,gmcfee2b,gmcfee2b@amazon.de,Z8Hg9n
85,Erna,Patinkin,epatinkin2c,epatinkin2c@sina.com.cn,iVXG6A
86,Ritchie,Reford,rreford2d,rreford2d@opera.com,wWKRpYP
87,Kelsey,Fischer,kfischer2e,kfischer2e@amazon.co.uk,3koSpe
88,Candy,O'Sheils,cosheils2f,cosheils2f@mysql.com,fPUTii
89,Milissent,Eates,meates2g,meates2g@blogs.com,Ep5ZnUAE2g2
90,Janette,Lidgerton,jlidgerton2h,jlidgerton2h@wikipedia.org,rZXO9na
91,Jourdain,Aggus,jaggus2i,jaggus2i@imageshack.us,OiOuPn
92,Guinevere,Phlippsen,gphlippsen2j,gphlippsen2j@about.me,yG4aESrwj
93,Poul,Nyland,pnyland2k,pnyland2k@amazon.co.uk,m02VnFz
94,Jecho,Kinworthy,jkinworthy2l,jkinworthy2l@umn.edu,0Wsul3fv
95,Norman,Candey,ncandey2m,ncandey2m@mashable.com,nzEPndeS5
96,Kippy,Penhallurick,kpenhallurick2n,kpenhallurick2n@mtv.com,SMtyWXJs
97,Emlen,Brient,ebrient2o,ebrient2o@biblegateway.com,BbxxqLZ2o5C
98,Rina,Sambals,rsambals2p,rsambals2p@vk.com,3rVaa3
99,Wini,Ayree,wayree2q,wayree2q@edublogs.org,VLvZVa
100,Danell,Ortell,dortell2r,dortell2r@flickr.com,qBD8D0L1uOCK
101,Venita,Pedrocchi,vpedrocchi2s,vpedrocchi2s@feedburner.com,sbqZPWWs6
102,Lanita,Kinder,lkinder2t,lkinder2t@icio.us,nOBiJo
103,Carmencita,Harborow,charborow2u,charborow2u@freewebs.com,8fcE0MnUlr
104,Micah,Hanley,mhanley2v,mhanley2v@geocities.jp,8q1XscYR
105,Garrek,Wilstead,gwilstead2w,gwilstead2w@360.cn,U2pxsJ
106,York,Lenoir,ylenoir2x,ylenoir2x@mail.ru,uLTCmZ
107,Micheal,MacCheyne,mmaccheyne2y,mmaccheyne2y@cocolog-nifty.com,7jGjloq8
108,Iggy,Drayton,idrayton2z,idrayton2z@miibeian.gov.cn,wkVbVQJk0G
109,Hyacinthe,Syphus,hsyphus30,hsyphus30@cbc.ca,KZmgMhSXA
110,Lemmie,Cregg,lcregg31,lcregg31@boston.com,L4Kc1kap
111,Ulrikaumeko,Roffey,uroffey32,uroffey32@craigslist.org,2xKrEn
112,Zuzana,Simonnot,zsimonnot33,zsimonnot33@symantec.com,fe6bwK3OMrM
113,Shurlocke,Ladbury,sladbury34,sladbury34@moonfruit.com,QKLadKJ
114,Casper,Broose,cbroose35,cbroose35@e-recht24.de,Qwnbgp
115,Laetitia,Ilson,lilson36,lilson36@toplist.cz,pvKkr1
116,Colet,Pandie,cpandie37,cpandie37@google.com.hk,NqmM0Q2r1jM1
117,Swen,Tatteshall,statteshall38,statteshall38@soundcloud.com,4UHHp4j
118,Constantin,Piaggia,cpiaggia39,cpiaggia39@wired.com,qLq9eZpF
119,Hayes,Albisser,halbisser3a,halbisser3a@wisc.edu,FqOjTvkc
120,Jennette,Leavesley,jleavesley3b,jleavesley3b@webeden.co.uk,mnrtL9wTF
121,Ram,Tisor,rtisor3c,rtisor3c@netvibes.com,pfixgYY
122,Cristiano,Mervyn,cmervyn3d,cmervyn3d@theguardian.com,bfCXU1Niy2
123,Broddy,Petett,bpetett3e,bpetett3e@discovery.com,PtNWqJ
124,Nobe,Snelgar,nsnelgar3f,nsnelgar3f@lycos.com,8JWdsl4zN
125,Melly,Loache,mloache3g,mloache3g@slideshare.net,FypWeolBh
126,Jessamine,Soane,jsoane3h,jsoane3h@clickbank.net,Cu1BaYdQ
127,Meaghan,Sambiedge,msambiedge3i,msambiedge3i@usda.gov,rInKFMEmNb
128,Marji,Remer,mremer3j,mremer3j@latimes.com,goa7ekTjQ
129,Paolo,Redgewell,predgewell3k,predgewell3k@taobao.com,nAwFMlA3
130,Dell,Jelf,djelf3l,djelf3l@guardian.co.uk,dMIsF5w28sK4
131,Gaby,Elland,gelland3m,gelland3m@storify.com,N4uPcw
132,Norton,Iannuzzelli,niannuzzelli3n,niannuzzelli3n@squarespace.com,N49K8nBK
133,Winn,Legrice,wlegrice3o,wlegrice3o@51.la,vngaIVXDeJdF
134,Abie,Hollyard,ahollyard3p,ahollyard3p@ucoz.com,mlYNyrptST4G
135,Marilin,Fells,mfells3q,mfells3q@goodreads.com,QCv01xaI4
136,Dulcine,Sealeaf,dsealeaf3r,dsealeaf3r@weebly.com,atcH2C
137,Pieter,Andreopolos,pandreopolos3s,pandreopolos3s@about.com,GN8pPam
138,Melicent,Queenborough,mqueenborough3t,mqueenborough3t@sourceforge.net,7n3Ot0M5X
139,Ofelia,Langmuir,olangmuir3u,olangmuir3u@baidu.com,fBrZnE
140,Llewellyn,Greenin,lgreenin3v,lgreenin3v@i2i.jp,IMhXZAXQgk
141,Idelle,Russon,irusson3w,irusson3w@alexa.com,h9nXTC
142,Keith,Chiddy,kchiddy3x,kchiddy3x@liveinternet.ru,obzIAm6yRT
143,Addison,Hintzer,ahintzer3y,ahintzer3y@unesco.org,4ZfQbF
144,Shirl,Pickhaver,spickhaver3z,spickhaver3z@storify.com,b3HIRUtEo
145,Avis,Cathro,acathro40,acathro40@alibaba.com,BDjhWKrPbEp
146,Samantha,Careswell,scareswell41,scareswell41@columbia.edu,fq8FtHhfELn
147,Melody,Gerger,mgerger42,mgerger42@edublogs.org,bwvKBmOqof
148,Essie,Barbe,ebarbe43,ebarbe43@dailymail.co.uk,3RuAElqf
149,Thadeus,Scrowston,tscrowston44,tscrowston44@creativecommons.org,rAtm8f7B
150,Maryl,Lamcken,mlamcken45,mlamcken45@free.fr,KMEnY5207
151,Sybille,Hairesnape,shairesnape46,shairesnape46@typepad.com,TOXxO4969b
152,Brennan,Isakson,bisakson47,bisakson47@weebly.com,9c0FGGBMEPi
153,Kasey,Booth-Jarvis,kboothjarvis48,kboothjarvis48@latimes.com,quTO2XWZ5Ihs
154,Ofella,Witson,owitson49,owitson49@spiegel.de,HAzERZ
155,Ashley,Baudi,abaudi4a,abaudi4a@e-recht24.de,ll4JuI
156,Monica,Yann,myann4b,myann4b@skyrock.com,ClbRIc
157,Jessamyn,Wills,jwills4c,jwills4c@devhub.com,piLCkCtEQEl2
158,Jessalin,Pearcey,jpearcey4d,jpearcey4d@wordpress.com,9tcyFuDd
159,Vaughan,Phizakarley,vphizakarley4e,vphizakarley4e@google.pl,hfkhOpbrw1
160,Lilly,Adrian,ladrian4f,ladrian4f@answers.com,0o1eeh
161,Addie,Lamburn,alamburn4g,alamburn4g@goo.ne.jp,ntFJC6v
162,Jaimie,Dransfield,jdransfield4h,jdransfield4h@sun.com,26N5HFG1jJ
163,Kin,Selly,kselly4i,kselly4i@ted.com,NkIBJquj
164,Gisela,Niccols,gniccols4j,gniccols4j@jimdo.com,Rf3NBI
165,Janos,Fant,jfant4k,jfant4k@salon.com,g7rEnw3Gcgj
166,Mavra,Cape,mcape4l,mcape4l@jimdo.com,G7iwedEPs
167,Woodman,Pioch,wpioch4m,wpioch4m@example.com,sE1qokC6x6
168,Meir,Gillman,mgillman4n,mgillman4n@seattletimes.com,BoAZWKk4tcd
169,Archibald,Pyke,apyke4o,apyke4o@sohu.com,xVnXN4
170,Red,Lyster,rlyster4p,rlyster4p@unc.edu,r9lXXjQ
171,Gabriel,Cattrall,gcattrall4q,gcattrall4q@mapquest.com,eTz5PLY
172,Esra,Allchorn,eallchorn4r,eallchorn4r@google.co.jp,3fiEt0lWHPVH
173,Lucius,Sertin,lsertin4s,lsertin4s@msn.com,gGnZeF8z3
174,Daphna,Vigurs,dvigurs4t,dvigurs4t@blogs.com,o7r10Cu
175,Russ,Terrelly,rterrelly4u,rterrelly4u@guardian.co.uk,5qwq4vtBLITA
176,Tobiah,Tryme,ttryme4v,ttryme4v@rediff.com,F9VC3xtk9BrK
177,Duke,Chue,dchue4w,dchue4w@ca.gov,EEFbLRUWY
178,Adelaida,Purkins,apurkins4x,apurkins4x@ftc.gov,BQP6EgE5uX
179,Elsa,Halton,ehalton4y,ehalton4y@weather.com,8Aaj779JTP
180,Temple,Footer,tfooter4z,tfooter4z@slate.com,pBCHoq
181,Troy,Dufoure,tdufoure50,tdufoure50@a8.net,AmlOFZzeq
182,Gilli,Spicer,gspicer51,gspicer51@umich.edu,Wlljma
183,Meir,Veryan,mveryan52,mveryan52@miibeian.gov.cn,6DxSbt
184,Logan,Daymont,ldaymont53,ldaymont53@ucsd.edu,fNhRwTz0A8z
185,Margit,Smitten,msmitten54,msmitten54@bloglovin.com,RYk3N4
186,Dennet,Djekic,ddjekic55,ddjekic55@wufoo.com,SwsjPDkN
187,Frazer,McTavy,fmctavy56,fmctavy56@apple.com,5vOy7W
188,Katharine,Denne,kdenne57,kdenne57@theatlantic.com,bVAoGz
189,Theodore,Ungerecht,tungerecht58,tungerecht58@craigslist.org,v3RwZWn
190,David,Acaster,dacaster59,dacaster59@chicagotribune.com,MxzxqgvO2Dd
191,Romola,Hubback,rhubback5a,rhubback5a@linkedin.com,boZbe1S6Be
192,Shaughn,Emons,semons5b,semons5b@scientificamerican.com,VNfD7DrDp
193,Alexina,Bowring,abowring5c,abowring5c@thetimes.co.uk,yIGaPxFbqC
194,Guinevere,Ranyelld,granyelld5d,granyelld5d@mlb.com,gPLXmdb
195,Dov,Gother,dgother5e,dgother5e@blinklist.com,23oF1jnb
196,Rhianna,Shier,rshier5f,rshier5f@tuttocitta.it,NxmLK5
197,Sander,Leopard,sleopard5g,sleopard5g@clickbank.net,9FRhTaeVAx0
198,Katusha,Dulake,kdulake5h,kdulake5h@bloomberg.com,yHYmSD3tLbt
199,Eugenia,Dyster,edyster5i,edyster5i@github.com,G0xCrX
200,Sara,Klarzynski,sklarzynski5j,sklarzynski5j@senate.gov,UbOfFqd7QGl4
201,Cecelia,Bigmore,cbigmore5k,cbigmore5k@eventbrite.com,o4OZAz
202,Adolph,Danjoie,adanjoie5l,adanjoie5l@wired.com,GDVD8i
203,Leandra,Simmen,lsimmen5m,lsimmen5m@webs.com,zzjKxktbDE
204,Ulric,Eastam,ueastam5n,ueastam5n@shareasale.com,otXTtZpw
205,Marlie,Catcherside,mcatcherside5o,mcatcherside5o@home.pl,LjFHFn1kN
206,Nil,Glascott,nglascott5p,nglascott5p@fc2.com,ZgjOpIqI
207,Bordie,Houliston,bhouliston5q,bhouliston5q@sakura.ne.jp,rDZ55oQz
208,Gilli,Karpenko,gkarpenko5r,gkarpenko5r@fda.gov,vu0wiRy6hKse
209,Lynnelle,Pipet,lpipet5s,lpipet5s@patch.com,RbvKgcowbl
210,Marco,Khotler,mkhotler5t,mkhotler5t@posterous.com,Zpd6JzT5MQTi
211,Axel,Rudiger,arudiger5u,arudiger5u@zdnet.com,DCcmYko
212,Marcelle,Tunuy,mtunuy5v,mtunuy5v@rediff.com,6B6P1GHyR7
213,Elvira,Sayes,esayes5w,esayes5w@furl.net,UDfvfoyngeeO
214,Baily,Ghilks,bghilks5x,bghilks5x@storify.com,ADoSeWL1z0N6
215,Randie,Kunes,rkunes5y,rkunes5y@dell.com,ERS1pb4JQRT
216,Honey,Scarlin,hscarlin5z,hscarlin5z@github.io,d3CzzC
217,Georgeta,Whistance,gwhistance60,gwhistance60@woothemes.com,Col6EEv
218,Letitia,Dovey,ldovey61,ldovey61@marriott.com,DLzkBy2PlZuJ
219,Sayres,Selburn,sselburn62,sselburn62@nba.com,n5rwPYXxGtq
220,Brendis,Lapley,blapley63,blapley63@bing.com,PEePbtzdB
221,Orland,Dancey,odancey64,odancey64@google.ca,jj03kkGiGEv
222,Woodrow,Johnsson,wjohnsson65,wjohnsson65@webnode.com,LkmrJz
223,Huberto,Koppeck,hkoppeck66,hkoppeck66@slideshare.net,ulkDR1W9zVD
224,Misti,Standall,mstandall67,mstandall67@va.gov,rDOjawELEZy
225,Harp,Matteris,hmatteris68,hmatteris68@intel.com,OPzvbiLqQI
226,Estella,Dannatt,edannatt69,edannatt69@yolasite.com,SS1aFRvx6HT
227,Julie,Kloser,jkloser6a,jkloser6a@is.gd,10XX6J3xG1gM
228,Wendeline,Saffen,wsaffen6b,wsaffen6b@thetimes.co.uk,AZrJhghVT
229,Mead,Ferroni,mferroni6c,mferroni6c@163.com,GWZZ2qq
230,Dannel,Kefford,dkefford6d,dkefford6d@nasa.gov,AHG9qEBM5E
231,Bard,Rankmore,brankmore6e,brankmore6e@squarespace.com,PwOXQ5I
232,Jamil,Zamudio,jzamudio6f,jzamudio6f@jiathis.com,UWrerQW
233,Mattie,Humpatch,mhumpatch6g,mhumpatch6g@free.fr,4g0ApLJ4a
234,Ham,Ditchburn,hditchburn6h,hditchburn6h@ftc.gov,4iYHBD4A
235,Karry,Handrock,khandrock6i,khandrock6i@harvard.edu,tZgD7oM1
236,Win,Millichap,wmillichap6j,wmillichap6j@tinypic.com,PcjZR5F
237,Selene,Pes,spes6k,spes6k@tinypic.com,Azr8mCT
238,Julietta,Valentine,jvalentine6l,jvalentine6l@xrea.com,zMKg478v8AX
239,Kit,Cordes,kcordes6m,kcordes6m@ucla.edu,mNHhgpxTdEcD
240,Cordie,Egginson,cegginson6n,cegginson6n@engadget.com,PwkOkB
241,Luci,Kraut,lkraut6o,lkraut6o@theglobeandmail.com,IsePgScvAqN
242,Janelle,Boorman,jboorman6p,jboorman6p@simplemachines.org,uGActuWu
243,Jaine,Laimable,jlaimable6q,jlaimable6q@hc360.com,371q8hb4Ps
244,Alice,Bazire,abazire6r,abazire6r@networkadvertising.org,ImWYNssGNsot
245,Ingrid,Limpricht,ilimpricht6s,ilimpricht6s@ycombinator.com,rddh7IKq
246,Micheil,Perelli,mperelli6t,mperelli6t@ucsd.edu,x0FfpsfH2K
247,Judie,Ortas,jortas6u,jortas6u@behance.net,UXCaKbR
248,Wilie,Harrild,wharrild6v,wharrild6v@spiegel.de,CwWcMQoQLt
249,Aurie,Bragginton,abragginton6w,abragginton6w@columbia.edu,DXzud6r
250,Bevin,Jaycox,bjaycox6x,bjaycox6x@china.com.cn,dV6SaEgA
251,Heidi,Hearnaman,hhearnaman6y,hhearnaman6y@sina.com.cn,UVFgH5DtCrx
252,Kris,Jiggins,kjiggins6z,kjiggins6z@printfriendly.com,y0M7DddYlF
253,Marijo,Anshell,manshell70,manshell70@hugedomains.com,eglYW6yqP
254,Betty,Hoys,bhoys71,bhoys71@de.vu,VqNyrf0A6R
255,Bonnibelle,Gudde,bgudde72,bgudde72@i2i.jp,VvsmBz5KrAi
256,Sharlene,Neller,sneller73,sneller73@nps.gov,UcsDuLXm2hyT
257,Phip,Brotherhood,pbrotherhood74,pbrotherhood74@tinyurl.com,gctBDsLPAb
258,Isahella,Forsdike,iforsdike75,iforsdike75@tmall.com,WeH1RZZbPHF6
259,Daron,Hyder,dhyder76,dhyder76@adobe.com,T0srTO96B
260,Agnesse,Jedrzaszkiewicz,ajedrzaszkiewicz77,ajedrzaszkiewicz77@gravatar.com,sKEwChu
261,Lenee,Fuggle,lfuggle78,lfuggle78@pcworld.com,WepXd1
262,Brodie,Sannes,bsannes79,bsannes79@foxnews.com,GRVDoXFQger4
263,Hanan,Greenstead,hgreenstead7a,hgreenstead7a@apache.org,5mbQXIOq
264,Cairistiona,Cumming,ccumming7b,ccumming7b@csmonitor.com,Dbw2vCD
265,Ulrikaumeko,Blunsden,ublunsden7c,ublunsden7c@google.co.uk,2E7xCghHc3h
266,Hildagarde,Reilingen,hreilingen7d,hreilingen7d@businessinsider.com,CLJRMIAWKmZ
267,Hakim,Paice,hpaice7e,hpaice7e@hc360.com,gZIKawSS
268,Aubert,Crease,acrease7f,acrease7f@constantcontact.com,Wl0edT
269,Karalynn,Dunstall,kdunstall7g,kdunstall7g@tripadvisor.com,j8vKYqX4
270,Tobey,Pavkovic,tpavkovic7h,tpavkovic7h@csmonitor.com,0SzRrPg8bkCP
271,Dorothea,Brodhead,dbrodhead7i,dbrodhead7i@amazon.co.jp,7chN51CRrX
272,Mariann,Willett,mwillett7j,mwillett7j@gravatar.com,pkPnpd
273,Symon,Oliveti,soliveti7k,soliveti7k@globo.com,U5N5wCmmrOs
274,Tuesday,Blenkin,tblenkin7l,tblenkin7l@newsvine.com,N6mTtAsS
275,Merrill,Straniero,mstraniero7m,mstraniero7m@feedburner.com,TonMEW
276,Susanetta,Mongenot,smongenot7n,smongenot7n@prlog.org,Sqc4y5TI7
277,Dallas,Tremathick,dtremathick7o,dtremathick7o@homestead.com,IgiPBvvarRI
278,Lib,Cantu,lcantu7p,lcantu7p@cbc.ca,Pj3n408VdP
279,Conn,Tack,ctack7q,ctack7q@wp.com,2CZmVA0M
280,Aurel,Blackall,ablackall7r,ablackall7r@webmd.com,haPNVp
281,Merill,Gosnay,mgosnay7s,mgosnay7s@alibaba.com,NLULtusm6507
282,Beverley,Gregoraci,bgregoraci7t,bgregoraci7t@wired.com,g7yBVvGIEe
283,Sheff,Dudin,sdudin7u,sdudin7u@over-blog.com,Nk9kibL6B
284,David,Wathall,dwathall7v,dwathall7v@irs.gov,r8fYbNPH
285,Sidnee,Clixby,sclixby7w,sclixby7w@google.es,yPIkeVJcBS
286,Staford,Lotwich,slotwich7x,slotwich7x@hubpages.com,Ir6MT4bPo3sd
287,Rriocard,Menezes,rmenezes7y,rmenezes7y@bbb.org,0WpPW3nqmnD4
288,Forster,Arntzen,farntzen7z,farntzen7z@mlb.com,mX1diAKY4C
289,Clayson,Poundford,cpoundford80,cpoundford80@multiply.com,jzslty
290,Joell,Kenion,jkenion81,jkenion81@about.com,EveiPaj
291,Dion,Manis,dmanis82,dmanis82@pen.io,HeGQyyV3V3x
292,Joy,Demann,jdemann83,jdemann83@patch.com,ctxq5YqY
293,Alexio,Newart,anewart84,anewart84@nsw.gov.au,wsKLzI
294,Emilio,Norree,enorree85,enorree85@intel.com,X5LzRHltpVo
295,Darryl,Malenoir,dmalenoir86,dmalenoir86@unc.edu,iME5jOV
296,Cris,Craddock,ccraddock87,ccraddock87@csmonitor.com,58hZEgQjYTE
297,Ossie,Truckell,otruckell88,otruckell88@nps.gov,itD3tzoIywA
298,Randie,Lerigo,rlerigo89,rlerigo89@sourceforge.net,jyMteHc1b
299,Haley,Battie,hbattie8a,hbattie8a@barnesandnoble.com,kGZqhkq
300,Cello,Mechell,cmechell8b,cmechell8b@latimes.com,plFKzc
301,Darby,Mawd,dmawd8c,dmawd8c@people.com.cn,krHhJuq
302,Goldia,Andrew,gandrew8d,gandrew8d@omniture.com,INtx2KIz13Y
303,Bjorn,Henker,bhenker8e,bhenker8e@tamu.edu,s73fbs7z
304,Fraser,Nanelli,fnanelli8f,fnanelli8f@clickbank.net,xOI1tD9
305,Jeanette,Mattheis,jmattheis8g,jmattheis8g@sbwire.com,e5Deaq
306,Dulsea,Peatt,dpeatt8h,dpeatt8h@yolasite.com,zEd3WAsqI96d
307,Min,Frankiewicz,mfrankiewicz8i,mfrankiewicz8i@businessweek.com,aHiDzw
308,Dayna,Solon,dsolon8j,dsolon8j@symantec.com,dG6lleEgxk2c
309,Fianna,Leger,fleger8k,fleger8k@blogspot.com,c7xoaD44
310,Clemente,Steagall,csteagall8l,csteagall8l@parallels.com,ypsQmLbyc9L
311,Kimmi,Parradine,kparradine8m,kparradine8m@1688.com,1CXw6C
312,Lennie,Blaise,lblaise8n,lblaise8n@furl.net,wyqCRfxY6dzB
313,Marie-jeanne,Acey,macey8o,macey8o@unc.edu,jxwFol
314,Angel,D'Aeth,adaeth8p,adaeth8p@vk.com,pADEJoI1fQxV
315,Riki,Lashford,rlashford8q,rlashford8q@wp.com,YdzY4tF9LqG
316,Stacia,Brewers,sbrewers8r,sbrewers8r@istockphoto.com,1oQ8e9Kv
317,Conrad,Mc Gorley,cmcgorley8s,cmcgorley8s@last.fm,YmQGn80
318,Jenna,Waplinton,jwaplinton8t,jwaplinton8t@who.int,8AUSXj0gRaK
319,Constance,Lujan,clujan8u,clujan8u@flickr.com,9SehQ552cJ4
320,Katharina,Elwood,kelwood8v,kelwood8v@dailymotion.com,YFzAKR
321,Ursala,Fawlo,ufawlo8w,ufawlo8w@sphinn.com,3yeFgmn
322,Susanetta,Chang,schang8x,schang8x@themeforest.net,dnnB3q
323,Fredek,Stancliffe,fstancliffe8y,fstancliffe8y@mediafire.com,yCPghs
324,Sybila,Jaggli,sjaggli8z,sjaggli8z@php.net,B8sCrLr6TU
325,Spike,Aicheson,saicheson90,saicheson90@statcounter.com,i7kiJbBKjElH
326,Woodrow,Casolla,wcasolla91,wcasolla91@nationalgeographic.com,b8GfI5
327,Gayle,Kinset,gkinset92,gkinset92@shop-pro.jp,OnrVSQtU
328,Siouxie,Canete,scanete93,scanete93@berkeley.edu,nWe6Mm0
329,Abbe,Mathers,amathers94,amathers94@omniture.com,osgTQ0Px1
330,Nevin,Longfoot,nlongfoot95,nlongfoot95@parallels.com,pvVyIut
331,Nick,Shewsmith,nshewsmith96,nshewsmith96@dyndns.org,d3dFljRmr
332,Katine,Knighton,kknighton97,kknighton97@behance.net,JiK6JRqLh2
333,Shana,Pechan,spechan98,spechan98@cnet.com,kOG9AadF
334,Madelene,Danielis,mdanielis99,mdanielis99@fc2.com,Wb8CwU
335,Sunshine,Thornthwaite,sthornthwaite9a,sthornthwaite9a@sbwire.com,h69L4HP
336,Patrizia,Goulder,pgoulder9b,pgoulder9b@canalblog.com,spMWXq1IB9
337,Jaime,Le Houx,jlehoux9c,jlehoux9c@mysql.com,07hrMv4cXS
338,Alfonse,Kinsley,akinsley9d,akinsley9d@vk.com,zCZm5A
339,Nick,Grayston,ngrayston9e,ngrayston9e@reddit.com,M6WUTKb2XwXt
340,Kenn,Amthor,kamthor9f,kamthor9f@photobucket.com,1JjTgs4Kg
341,Ingeberg,Haglinton,ihaglinton9g,ihaglinton9g@smugmug.com,2tqq3Ap
342,Anthea,Enterle,aenterle9h,aenterle9h@thetimes.co.uk,IaoeTmWy3
343,Krishna,Walkley,kwalkley9i,kwalkley9i@yolasite.com,LT2RBzS99Dx
344,Burton,Giacomini,bgiacomini9j,bgiacomini9j@dagondesign.com,umP5pf
345,Adel,Anthoney,aanthoney9k,aanthoney9k@printfriendly.com,1EKFQvP9T
346,Annmarie,Roelofs,aroelofs9l,aroelofs9l@addtoany.com,H6L7OLc
347,Cos,Itscovitz,citscovitz9m,citscovitz9m@java.com,MK1ebgzynIz
348,Elden,Edmans,eedmans9n,eedmans9n@blinklist.com,bdJpGJ
349,Haydon,Brood,hbrood9o,hbrood9o@blogger.com,MtNPRsQfw
350,Angeline,Gillon,agillon9p,agillon9p@squidoo.com,2HxYYG9
351,Doloritas,Snailham,dsnailham9q,dsnailham9q@posterous.com,NW0qAjtt
352,Camellia,Howles,chowles9r,chowles9r@i2i.jp,07WHZ7ocnva
353,Harlene,Binnes,hbinnes9s,hbinnes9s@sohu.com,zIf7WyU
354,Erek,Fortin,efortin9t,efortin9t@arizona.edu,gmsq03nq
355,Sibella,Sams,ssams9u,ssams9u@nytimes.com,WLP9XuXo
356,Barton,Brampton,bbrampton9v,bbrampton9v@imgur.com,vItQFn6AU
357,Johna,Keaves,jkeaves9w,jkeaves9w@reuters.com,DkMDdg1iX
358,Helsa,Proby,hproby9x,hproby9x@flavors.me,nv9qjYxu
359,Gradey,Botte,gbotte9y,gbotte9y@microsoft.com,Ctsyfv1MyYxA
360,Jaime,Franzelini,jfranzelini9z,jfranzelini9z@histats.com,NfQzfbo5FLx
361,Morgen,Torbet,mtorbeta0,mtorbeta0@123-reg.co.uk,T5KlaY1Q4U
362,Stanleigh,Chrispin,schrispina1,schrispina1@microsoft.com,FTNVFhqL
363,Meir,Gingold,mgingolda2,mgingolda2@prweb.com,C7pWPrQBFAh
364,Heddie,Bottrell,hbottrella3,hbottrella3@google.co.uk,ie3oYW
365,Porty,Flatt,pflatta4,pflatta4@about.me,Z8Tixe
366,Flossy,Kinnach,fkinnacha5,fkinnacha5@seattletimes.com,QpFJOsw
367,Juliane,Beggi,jbeggia6,jbeggia6@nasa.gov,xZ3O4BBW
368,Lilia,Selbach,lselbacha7,lselbacha7@buzzfeed.com,baQB6koE47
369,Jo,Aumerle,jaumerlea8,jaumerlea8@oaic.gov.au,K9PRoRjFCHPp
370,Cathee,Kacheller,ckachellera9,ckachellera9@nytimes.com,oObbvzAW
371,Teresa,Valerius,tvaleriusaa,tvaleriusaa@unicef.org,Blx7xWT
372,Valle,Dionisetto,vdionisettoab,vdionisettoab@shutterfly.com,pBSotYmT48Sz
373,Abbye,McRoberts,amcrobertsac,amcrobertsac@cyberchimps.com,dn9Ph7jurVXO
374,Arni,Broster,abrosterad,abrosterad@about.me,ZB8olBDdAAaa
375,Allyson,Sydes,asydesae,asydesae@mediafire.com,RX9Rf2
376,Rosie,Janko,rjankoaf,rjankoaf@sphinn.com,r4SXIXLC4aWG
377,Arnaldo,Corpes,acorpesag,acorpesag@weebly.com,Uv4hsnrE5go
378,Melosa,Landsbury,mlandsburyah,mlandsburyah@mac.com,NIOerE535XM
379,Tammy,Philliphs,tphilliphsai,tphilliphsai@ibm.com,HVgkxC7y4g0
380,Hersch,Helgass,hhelgassaj,hhelgassaj@princeton.edu,tLNagis
381,Bernarr,Larkworthy,blarkworthyak,blarkworthyak@google.nl,e5xNqZLOG7rK
382,Sylvan,Flaverty,sflavertyal,sflavertyal@macromedia.com,qzAsnanxAz
383,Norman,Chartre,nchartream,nchartream@google.it,vNVDCZ4iWz
384,Burnaby,Mendez,bmendezan,bmendezan@mysql.com,1VYgnD34Wjh
385,Tandy,Baumert,tbaumertao,tbaumertao@myspace.com,9m7jWdZ
386,Kati,Mirralls,kmirrallsap,kmirrallsap@guardian.co.uk,AM3tFHI0ErU
387,Barty,Lackham,blackhamaq,blackhamaq@answers.com,7ClKqQD
388,Cortney,Deniske,cdeniskear,cdeniskear@hhs.gov,n43wsyfOcGi
389,Terri,Ziehms,tziehmsas,tziehmsas@businesswire.com,7SVO19ZCj9
390,Tedman,Mussilli,tmussilliat,tmussilliat@youtube.com,2HVF81MouYwH
391,Brewster,Figg,bfiggau,bfiggau@is.gd,OKosyuwTL
392,Jeanette,Theaker,jtheakerav,jtheakerav@cbslocal.com,2tMFpBLOluG5
393,Grissel,Rizzone,grizzoneaw,grizzoneaw@washington.edu,zjKzuFtALVN
394,Rory,Inder,rinderax,rinderax@behance.net,pKm9xwCHWL
395,Ashla,McGrey,amcgreyay,amcgreyay@netlog.com,HIP8DEP3
396,Bill,Bogie,bbogieaz,bbogieaz@fda.gov,Oxq1CDbW
397,Zacharia,Hane,zhaneb0,zhaneb0@joomla.org,Ifh6JjO3
398,Philippine,Bonett,pbonettb1,pbonettb1@cbsnews.com,xLzXOV52wbC8
399,Joyous,Mimmack,jmimmackb2,jmimmackb2@imdb.com,mH79aR7exs
400,Magdalen,Tritten,mtrittenb3,mtrittenb3@princeton.edu,rxwdNc4wmov
401,Betsey,Masden,bmasdenb4,bmasdenb4@theguardian.com,T1qryC9D9tH
402,Phineas,Crumly,pcrumlyb5,pcrumlyb5@guardian.co.uk,2GESp0Zev
403,Rasia,Aspinal,raspinalb6,raspinalb6@chronoengine.com,BB9p4qVpefE
404,Caterina,Rosendale,crosendaleb7,crosendaleb7@flavors.me,tlzm7OVndO
405,Pancho,Sponton,pspontonb8,pspontonb8@ycombinator.com,MPqMZHR1i
406,Reggie,Draxford,rdraxfordb9,rdraxfordb9@apple.com,oP5WCu
407,Vincenty,Stennings,vstenningsba,vstenningsba@1688.com,5cmfpAh
408,Sherwood,Gather,sgatherbb,sgatherbb@usatoday.com,he6uLtgapviH
409,Philly,Pethybridge,ppethybridgebc,ppethybridgebc@unicef.org,j7m2g3Bku0F
410,Sallie,Son,ssonbd,ssonbd@nsw.gov.au,hazwxNHL
411,Forrester,Bezemer,fbezemerbe,fbezemerbe@scribd.com,YSFEwYJ0
412,Natalya,Mansion,nmansionbf,nmansionbf@weibo.com,lggkRf48
413,Carey,Naris,cnarisbg,cnarisbg@about.me,jMCaZyAmqYoe
414,Pearla,Purse,ppursebh,ppursebh@yolasite.com,mbsFSxqh802
415,Sarge,Kettlestringe,skettlestringebi,skettlestringebi@sitemeter.com,vyqcuecLV
416,Charil,Gommey,cgommeybj,cgommeybj@sakura.ne.jp,4XSZcP1NBY
417,Greg,Jann,gjannbk,gjannbk@senate.gov,hu3k4mq
418,Shanta,Zealey,szealeybl,szealeybl@imgur.com,ZrYIrY
419,Gareth,Boggers,gboggersbm,gboggersbm@ustream.tv,Rmo224HE1
420,Gisele,Kemmons,gkemmonsbn,gkemmonsbn@eepurl.com,pZmtcijiB7
421,Daryl,Merrison,dmerrisonbo,dmerrisonbo@toplist.cz,X57KvcIq8qek
422,Lorettalorna,Lazare,llazarebp,llazarebp@nih.gov,1PHidoDr
423,Ara,Mila,amilabq,amilabq@sitemeter.com,AXIq1r4B
424,Alfie,Baistow,abaistowbr,abaistowbr@networkadvertising.org,nZ5vjOZgs
425,Dari,Doppler,ddopplerbs,ddopplerbs@chicagotribune.com,j8AjjztX
426,Lyndy,Lasselle,llassellebt,llassellebt@live.com,0nHjQLxlqY3
427,Lucila,Jessard,ljessardbu,ljessardbu@wix.com,qxjPNCW0
428,Eadmund,Crafts,ecraftsbv,ecraftsbv@symantec.com,mH1IJL8
429,Celestyn,Old,coldbw,coldbw@jalbum.net,Bgxa9kpiUdY
430,Tommie,Spyer,tspyerbx,tspyerbx@epa.gov,GKurkEuaxW7P
431,Hirsch,Gepson,hgepsonby,hgepsonby@4shared.com,qh98L5o4DV
432,Lorrie,Botright,lbotrightbz,lbotrightbz@go.com,NnHah7bHR
433,Margaretta,Fuentes,mfuentesc0,mfuentesc0@prweb.com,qNCmk8
434,Salvatore,Baudino,sbaudinoc1,sbaudinoc1@altervista.org,EvQFO21qZkO
435,Elysee,Navarre,enavarrec2,enavarrec2@twitpic.com,XHnpPvPgiO
436,Erin,Diggell,ediggellc3,ediggellc3@a8.net,DN1tWFo1u5AM
437,Flynn,Lohrensen,flohrensenc4,flohrensenc4@businessinsider.com,o10hp2
438,Helsa,Guice,hguicec5,hguicec5@aol.com,kb4XQ9c4VW7s
439,Karylin,Whife,kwhifec6,kwhifec6@addtoany.com,5uSfD44
440,Leoine,Domeney,ldomeneyc7,ldomeneyc7@auda.org.au,fCkHBP3oT
441,Alla,Blow,ablowc8,ablowc8@arstechnica.com,PjpWanEpZ8k
442,Constancia,Agget,caggetc9,caggetc9@vk.com,rpang5Zmjpf
443,Hadria,Lawrence,hlawrenceca,hlawrenceca@hexun.com,uf4Ft9SG
444,Corny,Moen,cmoencb,cmoencb@cisco.com,27hZXJSz3aZ
445,Goober,Bento,gbentocc,gbentocc@cam.ac.uk,kUvM6kFKK
446,Base,Minmagh,bminmaghcd,bminmaghcd@archive.org,bPyP7u
447,Erica,Philippet,ephilippetce,ephilippetce@mapquest.com,RDhEznWjyxP
448,Margarita,Kielty,mkieltycf,mkieltycf@examiner.com,NR0QpTKFT
449,Elihu,Blincowe,eblincowecg,eblincowecg@stanford.edu,JAmnIBsyJ
450,Rubia,Weakley,rweakleych,rweakleych@google.pl,xzzOc0gUw7K
451,Cully,Gifkins,cgifkinsci,cgifkinsci@narod.ru,oLfhRGbhs
452,Carena,Womack,cwomackcj,cwomackcj@nifty.com,qLOLpgPs3Ou
453,Geraldine,Phair,gphairck,gphairck@elpais.com,oi61ID
454,Saleem,Bispo,sbispocl,sbispocl@simplemachines.org,qZXIIN
455,Grover,Servis,gserviscm,gserviscm@tumblr.com,JgPZeQwgVb2P
456,Shelly,Aristide,saristidecn,saristidecn@cloudflare.com,Xv470HOvZs
457,Whittaker,Trebbett,wtrebbettco,wtrebbettco@etsy.com,GHMdtR
458,Drusilla,Sivior,dsiviorcp,dsiviorcp@usda.gov,j649QvwfB
459,Miof mela,Newsome,mnewsomecq,mnewsomecq@posterous.com,3j3tIVV
460,Quinn,Guppie,qguppiecr,qguppiecr@vistaprint.com,aud6oJuMe
461,Corry,Bateup,cbateupcs,cbateupcs@si.edu,TAmLyj2NBFu
462,Korie,Lehrmann,klehrmannct,klehrmannct@unblog.fr,sVTfasZBL
463,Rorke,Elderton,reldertoncu,reldertoncu@marketwatch.com,S4vpma
464,Dur,Nellies,dnelliescv,dnelliescv@mit.edu,X7QLKVZ65plQ
465,Oren,Doleman,odolemancw,odolemancw@etsy.com,6270xIyR8
466,Alanah,Fearfull,afearfullcx,afearfullcx@rakuten.co.jp,3nR99RYGi
467,Wenda,Chevalier,wchevaliercy,wchevaliercy@cargocollective.com,AKnGrw
468,Nikolaus,Marvin,nmarvincz,nmarvincz@wp.com,rfZKJg9no
469,Lorain,Rivallant,lrivallantd0,lrivallantd0@i2i.jp,AdB4FbpD
470,Katrine,Hughf,khughfd1,khughfd1@foxnews.com,hLTq88J
471,Darbie,Farryan,dfarryand2,dfarryand2@skyrock.com,zNUucofS
472,Cassondra,Managh,cmanaghd3,cmanaghd3@freewebs.com,UnMvSHHDr
473,Dorthea,Tigner,dtignerd4,dtignerd4@wsj.com,tXw9ID0kViu
474,Wally,Stanway,wstanwayd5,wstanwayd5@msn.com,9Fm3PhFESk
475,Danna,Paskin,dpaskind6,dpaskind6@issuu.com,4228RQzXgeV6
476,Velvet,Adamowitz,vadamowitzd7,vadamowitzd7@prweb.com,NmYvuweIK
477,Land,Genney,lgenneyd8,lgenneyd8@deliciousdays.com,3WO3bto
478,Jodee,Bortoloni,jbortolonid9,jbortolonid9@storify.com,rYouj8
479,Andriana,McHaffy,amchaffyda,amchaffyda@webmd.com,aB73tEgWQhS
480,Shaine,Ades,sadesdb,sadesdb@chronoengine.com,sMFGFYRgZl
481,Regine,Baldock,rbaldockdc,rbaldockdc@prnewswire.com,47J4aowasi
482,Emelina,Tippler,etipplerdd,etipplerdd@nymag.com,7p7IupVY8
483,Marinna,Damato,mdamatode,mdamatode@hubpages.com,WVxnnLgca8
484,Saraann,Jorissen,sjorissendf,sjorissendf@hexun.com,dOiETf9I5t
485,Madelena,Kidgell,mkidgelldg,mkidgelldg@opensource.org,DbUbTXEE6q2u
486,Timi,Arons,taronsdh,taronsdh@diigo.com,Aln5ZOZUbx
487,Klaus,Orpin,korpindi,korpindi@hp.com,9wSKJaC97
488,Mirella,Panons,mpanonsdj,mpanonsdj@so-net.ne.jp,AcOM4Q25m1v
489,Joelynn,Try,jtrydk,jtrydk@com.com,Gg7AltcI
490,Mariel,Spearman,mspearmandl,mspearmandl@kickstarter.com,Maf7fCWUBqn3
491,Mac,McIlwaine,mmcilwainedm,mmcilwainedm@bigcartel.com,Q705Ls
492,Archibald,O' Sullivan,aosullivandn,aosullivandn@goo.gl,8YiKIFPFuJC
493,Jordon,Frostdicke,jfrostdickedo,jfrostdickedo@51.la,5CxrykzoW
494,Irina,Piatkow,ipiatkowdp,ipiatkowdp@paypal.com,FfxGsfVC2
495,Had,Simek,hsimekdq,hsimekdq@cnbc.com,5j1S0qKg16
496,Jerrie,Fraser,jfraserdr,jfraserdr@sbwire.com,k4AEN19
497,Lutero,Heaford,lheafordds,lheafordds@taobao.com,UA0jYlSAp
498,Jareb,Zahor,jzahordt,jzahordt@google.co.jp,3jMLP3mZhz
499,Orelee,Mateja,omatejadu,omatejadu@simplemachines.org,hKHnK2uNqU
500,Orlan,Fansy,ofansydv,ofansydv@house.gov,B1Z5f2BJ3
501,Dona,Larose,dlarosedw,dlarosedw@storify.com,CsgeHJM
502,Agace,Berzins,aberzinsdx,aberzinsdx@mashable.com,r61w2PO1qSk
503,Dev,Markl,dmarkldy,dmarkldy@pcworld.com,WdV7cd9v
504,Doyle,Grewar,dgrewardz,dgrewardz@skype.com,o0V9L4u
505,Lulita,Bartens,lbartense0,lbartense0@vkontakte.ru,5WLHNuB
506,Nickola,Dore,ndoree1,ndoree1@lycos.com,T6OoSl
507,Cindie,MacKissack,cmackissacke2,cmackissacke2@google.co.uk,vzeTg2KDpqed
508,Gray,Talmadge,gtalmadgee3,gtalmadgee3@sbwire.com,SzpiUSR
509,Lelah,Pyrah,lpyrahe4,lpyrahe4@gnu.org,oHZUur80P
510,Marie,Pettersen,mpettersene5,mpettersene5@ask.com,d4gDHF
511,Yancy,Mosson,ymossone6,ymossone6@businessinsider.com,BypKAXXhBX
512,Avrit,Keeble,akeeblee7,akeeblee7@discovery.com,yLz8OxbEHpU
513,Morten,Petrillo,mpetrilloe8,mpetrilloe8@cargocollective.com,cG8Ep929ik
514,Noah,Welberry,nwelberrye9,nwelberrye9@w3.org,Olh1rcXj
515,Chico,Megarry,cmegarryea,cmegarryea@yelp.com,mvy1KT9eZbNW
516,Courtnay,Bredgeland,cbredgelandeb,cbredgelandeb@networkadvertising.org,VM9g9lzbGtx
517,Justus,Jacques,jjacquesec,jjacquesec@webeden.co.uk,zh18nw
518,Lenci,Margerrison,lmargerrisoned,lmargerrisoned@1688.com,JzmXNr
519,Shelagh,Danelet,sdaneletee,sdaneletee@slideshare.net,coWgv6B0dGbv
520,Demetria,Fortescue,dfortescueef,dfortescueef@facebook.com,iLD6ITymcs
521,Clive,Bausmann,cbausmanneg,cbausmanneg@virginia.edu,4kI8Yf9TtgJ
522,Batsheva,Aiken,baikeneh,baikeneh@accuweather.com,PJsK2P
523,Lorrin,Trouncer,ltrouncerei,ltrouncerei@dailymotion.com,uDmgagbP7Z
524,Maddie,Tunney,mtunneyej,mtunneyej@theguardian.com,8QpWFLFmDUPE
525,Ines,Hurl,ihurlek,ihurlek@usda.gov,p1DTSBZ5
526,Agnola,Barlace,abarlaceel,abarlaceel@xrea.com,HPwEPR5
527,Dode,Gregory,dgregoryem,dgregoryem@webnode.com,VlH1cC
528,Bertina,Lemerie,blemerieen,blemerieen@hatena.ne.jp,M45fQu4x3rW
529,Ronnie,Smetoun,rsmetouneo,rsmetouneo@reverbnation.com,DcCYxFI
530,Tannie,McConigal,tmcconigalep,tmcconigalep@joomla.org,UuMSljPz
531,Chere,Gemelli,cgemellieq,cgemellieq@soundcloud.com,LATjoTxP67
532,Pebrook,Ladley,pladleyer,pladleyer@digg.com,srDtlF
533,Lilllie,Frostick,lfrostickes,lfrostickes@blogger.com,LY5Yxva7w
534,Kristopher,Husbands,khusbandset,khusbandset@jugem.jp,YuoYwY
535,Arielle,Albasiny,aalbasinyeu,aalbasinyeu@paginegialle.it,0Qm4kyYZtXq
536,Hilario,Southcombe,hsouthcombeev,hsouthcombeev@toplist.cz,oKS8lI9Nh
537,Farrah,Towndrow,ftowndrowew,ftowndrowew@forbes.com,a8HVVsGiZNZu
538,Wald,Frank,wfrankex,wfrankex@ft.com,gpL0JWyyj
539,Benedick,Simonian,bsimonianey,bsimonianey@usa.gov,ifeAtN
540,Desmond,Sapp,dsappez,dsappez@google.fr,MFThWhIitp
541,Tania,Stanners,tstannersf0,tstannersf0@barnesandnoble.com,uKAo3A
542,Bron,Dansey,bdanseyf1,bdanseyf1@smh.com.au,aI5YSlhy
543,Merla,Glason,mglasonf2,mglasonf2@miibeian.gov.cn,NoINpNcuHjN
544,Jojo,Worner,jwornerf3,jwornerf3@webs.com,cFepXpg
545,Udall,Graysmark,ugraysmarkf4,ugraysmarkf4@t.co,gvd1NIDoXT
546,Thedrick,Dutch,tdutchf5,tdutchf5@mapquest.com,e2rAonoXea
547,Selena,Ornelas,sornelasf6,sornelasf6@alexa.com,hfV10CG
548,Carny,Dowzell,cdowzellf7,cdowzellf7@sina.com.cn,KN3yNgbH
549,Aubrey,Watkins,awatkinsf8,awatkinsf8@imageshack.us,0fl0PvD
550,Dario,Bramhill,dbramhillf9,dbramhillf9@sourceforge.net,6GTgzA
551,Reeta,Duferie,rduferiefa,rduferiefa@salon.com,h1ApkM
552,Josie,Monnoyer,jmonnoyerfb,jmonnoyerfb@lycos.com,zz1lkUsW
553,Mirabel,Sterre,msterrefc,msterrefc@zdnet.com,IdfIBa1
554,Creigh,Healeas,chealeasfd,chealeasfd@timesonline.co.uk,qmg9bBA7
555,Hugh,Vanderplas,hvanderplasfe,hvanderplasfe@ed.gov,N97beqxYb
556,Aigneis,Brinsden,abrinsdenff,abrinsdenff@discuz.net,zMqqFQl5rR
557,Worthy,Kobera,wkoberafg,wkoberafg@ca.gov,qRuqLPaw
558,Cynde,Dixon,cdixonfh,cdixonfh@amazon.de,dZSwJ05QM
559,Brewster,Chrispin,bchrispinfi,bchrispinfi@elpais.com,sofjyhrm4wkH
560,Austin,Addenbrooke,aaddenbrookefj,aaddenbrookefj@buzzfeed.com,0dgCOImaNuc0
561,Emanuel,Eake,eeakefk,eeakefk@printfriendly.com,0j977U2VOspr
562,Randa,Hyslop,rhyslopfl,rhyslopfl@over-blog.com,EnSINbZe28h
563,Jillane,Tows,jtowsfm,jtowsfm@chicagotribune.com,53UcOUeo
564,Hakim,Argente,hargentefn,hargentefn@yellowpages.com,rI5v33FL
565,Frazier,GiacobbiniJacob,fgiacobbinijacobfo,fgiacobbinijacobfo@blogger.com,pNvQmEkTaX
566,Dorthea,Hailey,dhaileyfp,dhaileyfp@slate.com,cWjy2i7e
567,Amelita,Merill,amerillfq,amerillfq@w3.org,iKiDBAtnp
568,Billie,Simunek,bsimunekfr,bsimunekfr@opera.com,jvjCdLIQZR
569,Aretha,Dessant,adessantfs,adessantfs@soup.io,p4iLUaY3D
570,Rebekkah,Alloisi,ralloisift,ralloisift@addthis.com,BMzd0edAstW
571,Michaella,Rennicks,mrennicksfu,mrennicksfu@plala.or.jp,wxbZEcFtbl
572,Casey,Arcase,carcasefv,carcasefv@umich.edu,J1gsQPoz
573,Tony,McDade,tmcdadefw,tmcdadefw@mediafire.com,HnH4JjGF
574,Tremayne,Cleminson,tcleminsonfx,tcleminsonfx@usatoday.com,HtsuhLE
575,Lowrance,Matous,lmatousfy,lmatousfy@imageshack.us,IUjYFYe
576,Fallon,Feasby,ffeasbyfz,ffeasbyfz@odnoklassniki.ru,u21MuVu0c
577,Darill,Ruddock,druddockg0,druddockg0@wunderground.com,yFxnRXfYrOcD
578,Margarita,Willis,mwillisg1,mwillisg1@wix.com,qku6agKj9EvN
579,Janelle,Handley,jhandleyg2,jhandleyg2@xinhuanet.com,YwJ4fU48Ixrn
580,Victor,Fausset,vfaussetg3,vfaussetg3@myspace.com,PhhleL3
581,Reider,Bernlin,rbernling4,rbernling4@boston.com,1zFwXkJ4qmn
582,Alaric,Elloway,aellowayg5,aellowayg5@ftc.gov,RbUY1Efv
583,Lolita,Sallowaye,lsallowayeg6,lsallowayeg6@guardian.co.uk,1Fb0gbM
584,Julina,Gillford,jgillfordg7,jgillfordg7@newsvine.com,F1PRf3Vf9N5
585,Dido,Beynkn,dbeynkng8,dbeynkng8@a8.net,bTAAckXJwe
586,Jenifer,Hapke,jhapkeg9,jhapkeg9@opera.com,pNphNfeJRmOt
587,Ailina,Farn,afarnga,afarnga@vkontakte.ru,EwuOfN
588,Valera,Farey,vfareygb,vfareygb@nifty.com,R970Zkz3yWb9
589,Sherilyn,Sandaver,ssandavergc,ssandavergc@ft.com,Mo1GjOf7lI
590,Niels,Kirkpatrick,nkirkpatrickgd,nkirkpatrickgd@webmd.com,PwVimLIcnYNa
591,Earle,Deacock,edeacockge,edeacockge@github.com,C1IhzEhXSt9h
592,Dagny,Ablott,dablottgf,dablottgf@sphinn.com,ulOdGoKPI3v
593,Paulo,Fairbank,pfairbankgg,pfairbankgg@yahoo.com,TThFGX9lS2
594,Tod,Shemmin,tshemmingh,tshemmingh@alibaba.com,5WvAkI9fIa5
595,Lilllie,Ferrotti,lferrottigi,lferrottigi@desdev.cn,k3ocS8D
596,Brendon,Godbert,bgodbertgj,bgodbertgj@flavors.me,Brhcp3Cq
597,Kirbie,Winckle,kwincklegk,kwincklegk@sfgate.com,tS3FEBB
598,Gayle,Gordon,ggordongl,ggordongl@studiopress.com,LAioMx
599,Conny,Brigstock,cbrigstockgm,cbrigstockgm@bing.com,RD2J99R
600,Anica,Gasnell,agasnellgn,agasnellgn@arstechnica.com,LXZc1z
601,Ashby,Ricketts,arickettsgo,arickettsgo@jugem.jp,ExuD6Fu6
602,Loreen,Farguhar,lfarguhargp,lfarguhargp@baidu.com,gJJUPi6o8E
603,Clare,Luttgert,cluttgertgq,cluttgertgq@friendfeed.com,mF2i7S
604,Myrlene,Petkens,mpetkensgr,mpetkensgr@webs.com,LqoD5Veg
605,Evered,Peatt,epeattgs,epeattgs@webnode.com,tqi7t3
606,Yard,Poxon,ypoxongt,ypoxongt@homestead.com,7Zbx6rKA4S35
607,Genni,Clementet,gclementetgu,gclementetgu@seattletimes.com,tgy7GjKihbMM
608,Bambi,Girardoni,bgirardonigv,bgirardonigv@wikispaces.com,Ll6SB1WjDy
609,Hollyanne,Barszczewski,hbarszczewskigw,hbarszczewskigw@washington.edu,hOgH5DOqW
610,Brook,Castella,bcastellagx,bcastellagx@ameblo.jp,3nNVGW8byT
611,Netti,Fossord,nfossordgy,nfossordgy@pbs.org,pi9nX82oD
612,Fernanda,Gantlett,fgantlettgz,fgantlettgz@feedburner.com,aPXrueKvq9
613,Kati,Spratt,kspratth0,kspratth0@ft.com,xN75mO6Iy
614,Bettina,Rickett,bricketth1,bricketth1@webmd.com,s9ptOad8Xrrr
615,Enos,Ferraron,eferraronh2,eferraronh2@fema.gov,bnNa0Yk5b
616,Michail,Neno,mnenoh3,mnenoh3@mysql.com,fpqI7frKPs5w
617,Ursa,Burnep,uburneph4,uburneph4@mozilla.org,eiDHyfFTocx0
618,Hamlen,Splevings,hsplevingsh5,hsplevingsh5@bloglovin.com,1q3DgmYp2sa
619,Debor,Salack,dsalackh6,dsalackh6@about.com,LmawODZMt
620,Jewelle,De la Perrelle,jdelaperrelleh7,jdelaperrelleh7@gov.uk,99asax
621,Terrell,Schultz,tschultzh8,tschultzh8@wp.com,DeigYHs6RVK
622,Agretha,Valentetti,avalentettih9,avalentettih9@about.com,HZtZkZj57hH9
623,Daniel,Patemore,dpatemoreha,dpatemoreha@ocn.ne.jp,BaSCjj7ilC1V
624,Lenora,Souza,lsouzahb,lsouzahb@reference.com,Z2Wj7rKoS
625,Fiorenze,Dumini,fduminihc,fduminihc@wired.com,euu0rM
626,Bethena,Rudwell,brudwellhd,brudwellhd@ning.com,wbvOatQ7e
627,Sheeree,Jaegar,sjaegarhe,sjaegarhe@spotify.com,DXf9pFjG1s
628,Archibald,Dole,adolehf,adolehf@guardian.co.uk,wD50HtWHsu
629,Dorotea,Gerrels,dgerrelshg,dgerrelshg@dedecms.com,DBbqKDP6J9P
630,Merrill,Brasener,mbrasenerhh,mbrasenerhh@freewebs.com,rHFFsX91ZU0
631,Berkley,Oseland,boselandhi,boselandhi@xrea.com,YiEwOC
632,Kristo,Coolican,kcoolicanhj,kcoolicanhj@dailymail.co.uk,gkT2njZ
633,Maddie,Wratten,mwrattenhk,mwrattenhk@gov.uk,UgYcG2
634,Trude,Ryce,trycehl,trycehl@meetup.com,OAISxl
635,Wadsworth,Tinniswood,wtinniswoodhm,wtinniswoodhm@squidoo.com,h7jwW3RAx
636,Arnold,Lindeboom,alindeboomhn,alindeboomhn@canalblog.com,QUyho8MgS
637,Karlik,Meys,kmeysho,kmeysho@fda.gov,zqHdbxFRv8
638,Mildrid,Courtois,mcourtoishp,mcourtoishp@nbcnews.com,LpUdk8DuU7
639,Wilmer,Dowber,wdowberhq,wdowberhq@lulu.com,D9JeOONSouxk
640,Garwin,Corthes,gcortheshr,gcortheshr@amazon.com,Rt24a7vP
641,Aimil,Aguilar,aaguilarhs,aaguilarhs@tiny.cc,dlzfentn
642,Portie,Demelt,pdemeltht,pdemeltht@ifeng.com,36GVEdr
643,Mary,Narramor,mnarramorhu,mnarramorhu@creativecommons.org,EbNEpWI7q9
644,Olenka,D'Alessio,odalessiohv,odalessiohv@biglobe.ne.jp,SGaelgMAvm
645,Sindee,Gatus,sgatushw,sgatushw@go.com,ujbwtao
646,Jania,Bennellick,jbennellickhx,jbennellickhx@statcounter.com,QvZA530EXG
647,Ellie,Jermin,ejerminhy,ejerminhy@tripadvisor.com,ArapDoBnMr
648,Giffer,Neaverson,gneaversonhz,gneaversonhz@si.edu,osFW8ylnaTRN
649,Frederick,Paszak,fpaszaki0,fpaszaki0@cbc.ca,UNy7RQM9V
650,Doralyn,McCallam,dmccallami1,dmccallami1@forbes.com,NRbCsRa
651,Willie,Symcox,wsymcoxi2,wsymcoxi2@elpais.com,Hfj6yhf
652,Olav,Letterese,oletteresei3,oletteresei3@unicef.org,YqY3rha
653,Ferdinande,Lamort,flamorti4,flamorti4@discuz.net,N6SFlmJTbcI
654,Joachim,Hebden,jhebdeni5,jhebdeni5@huffingtonpost.com,bQo2GJLD
655,Giacopo,Hannibal,ghannibali6,ghannibali6@issuu.com,Em7bYGf5f7g
656,Sutton,Spinney,sspinneyi7,sspinneyi7@cocolog-nifty.com,lsMl90kI
657,Siobhan,Delmage,sdelmagei8,sdelmagei8@smugmug.com,kMaA3IU
658,Kesley,Josilevich,kjosilevichi9,kjosilevichi9@dagondesign.com,uDqj3zXxkNSl
659,Sharity,Winspurr,swinspurria,swinspurria@census.gov,CdhW6098cdpq
660,Gigi,Crump,gcrumpib,gcrumpib@senate.gov,qRdxM6IdS
661,Harriot,Alyokhin,halyokhinic,halyokhinic@cmu.edu,6H5hG0sKb
662,Rosita,Gregore,rgregoreid,rgregoreid@psu.edu,zDThM5o4J1
663,Benito,Scullion,bscullionie,bscullionie@posterous.com,mDQyYjH99a
664,Lindy,Brumby,lbrumbyif,lbrumbyif@xinhuanet.com,I7ySxEbOlVp
665,Merwin,Wheowall,mwheowallig,mwheowallig@google.nl,4aht8VJoXdWO
666,Carney,Wein,cweinih,cweinih@icq.com,9VGmiKjeicY
667,Tracie,Worthington,tworthingtonii,tworthingtonii@twitpic.com,QcVfmX2kcu7
668,Candi,Gristock,cgristockij,cgristockij@yellowpages.com,Z4LGvoBi
669,Phillis,Studders,pstuddersik,pstuddersik@admin.ch,swRfLjPOA9FR
670,Iago,Abramovicz,iabramoviczil,iabramoviczil@a8.net,N6k419
671,Jone,Swanborough,jswanboroughim,jswanboroughim@nytimes.com,W7XsfY9jvv
672,Lilas,Alliott,lalliottin,lalliottin@chronoengine.com,e4j1avhWDT1
673,Carmon,Radborn,cradbornio,cradbornio@narod.ru,jiJCN5h
674,Juliann,Ransley,jransleyip,jransleyip@hud.gov,ZRj1eeAnqw
675,Uriah,Conyer,uconyeriq,uconyeriq@cocolog-nifty.com,xIrhWNf
676,Clerissa,Bockh,cbockhir,cbockhir@umich.edu,ytgAPOQnJIL
677,Margarette,Gaine of England,mgaineofenglandis,mgaineofenglandis@symantec.com,YYtNgFSCA2e
678,Ailey,Bernholt,abernholtit,abernholtit@whitehouse.gov,CNMIfDPgteD
679,Harv,Stoffers,hstoffersiu,hstoffersiu@state.gov,5SnUGN
680,Aubry,Chasmoor,achasmooriv,achasmooriv@webs.com,IVV7VvX
681,Wren,Tapply,wtapplyiw,wtapplyiw@typepad.com,bN2Y3hTfvrP
682,Leontine,Gynne,lgynneix,lgynneix@nyu.edu,OinrzGTwpHU6
683,Honey,Ible,hibleiy,hibleiy@odnoklassniki.ru,pOWnHGc
684,Kelcie,Veltman,kveltmaniz,kveltmaniz@chronoengine.com,iTdJOSV0ZBg
685,Issi,Riggoll,iriggollj0,iriggollj0@naver.com,gldizrtz
686,Dinah,Ridger,dridgerj1,dridgerj1@w3.org,d9o7kfFlDRZ
687,Briny,Antill,bantillj2,bantillj2@reference.com,DSzNlCdwEN
688,Evyn,Petrulis,epetrulisj3,epetrulisj3@dedecms.com,saEW8KeRLzgZ
689,Arney,Sandever,asandeverj4,asandeverj4@fotki.com,9FlBTgxN0x
690,Trude,Lammie,tlammiej5,tlammiej5@opera.com,1unpnce
691,Phillie,Aujean,paujeanj6,paujeanj6@mlb.com,qNXDeJrcT3
692,Spense,Petruszka,spetruszkaj7,spetruszkaj7@godaddy.com,yFR0PLuQgtdU
693,Juliane,Dearing,jdearingj8,jdearingj8@flavors.me,zyZwFV5VH
694,Kane,Mahady,kmahadyj9,kmahadyj9@nsw.gov.au,uaIjQhHyizPM
695,Ira,Andrichak,iandrichakja,iandrichakja@jimdo.com,YTXV9LvnKJc
696,Sandra,Carbonell,scarbonelljb,scarbonelljb@sbwire.com,v10oEx6
697,Brnaba,Crennell,bcrennelljc,bcrennelljc@pbs.org,rVPg2psHg
698,Smith,Curtiss,scurtissjd,scurtissjd@imdb.com,sJmynuW
699,Ailsun,Leteurtre,aleteurtreje,aleteurtreje@gnu.org,IzyHEapLF
700,Esdras,Woolpert,ewoolpertjf,ewoolpertjf@bloglovin.com,oTTCl3KU
701,Emanuele,Cordobes,ecordobesjg,ecordobesjg@i2i.jp,stVyhyLqXg1
702,Livvyy,Jakolevitch,ljakolevitchjh,ljakolevitchjh@prlog.org,1PhrwoFNW
703,Sherlocke,Stallibrass,sstallibrassji,sstallibrassji@gravatar.com,JuGIdO6
704,Marne,McVane,mmcvanejj,mmcvanejj@unc.edu,L5BC6MsNF
705,Peder,Ioannidis,pioannidisjk,pioannidisjk@php.net,O34oYMzvz5
706,Nolie,Seymour,nseymourjl,nseymourjl@stanford.edu,oACAlGI0mSD6
707,Vittoria,Paling,vpalingjm,vpalingjm@wordpress.org,ApBJAIi2Ib
708,Cash,Michurin,cmichurinjn,cmichurinjn@histats.com,8JnAg2wXErhY
709,Dorolice,Kenway,dkenwayjo,dkenwayjo@wunderground.com,3eZABBV
710,Hyacinthe,Mairs,hmairsjp,hmairsjp@lulu.com,avHNDwSG57ty
711,Kizzee,Wasmer,kwasmerjq,kwasmerjq@shutterfly.com,GgTKFRZKV
712,Putnem,Sproul,psprouljr,psprouljr@wix.com,76YLQCEFM
713,Artus,Skittrell,askittrelljs,askittrelljs@hexun.com,DD6uye
714,Berti,Geator,bgeatorjt,bgeatorjt@odnoklassniki.ru,gfRez7G
715,Marcela,Kiffin,mkiffinju,mkiffinju@fc2.com,zhQWNC
716,Raff,Saunders,rsaundersjv,rsaundersjv@globo.com,joUrbwS7ik
717,Putnem,Keeney,pkeeneyjw,pkeeneyjw@mail.ru,HNZFgnbB
718,Darlene,Cullnean,dcullneanjx,dcullneanjx@huffingtonpost.com,da2QFOrT734
719,Niki,Cartmael,ncartmaeljy,ncartmaeljy@tinypic.com,7TkUYe1awod
720,Tito,Buckoke,tbuckokejz,tbuckokejz@netscape.com,V6QVf5su0ov
721,Yves,McGeachy,ymcgeachyk0,ymcgeachyk0@angelfire.com,zGTtPncbN3g
722,Pennie,D'Andrea,pdandreak1,pdandreak1@census.gov,UABpGQ
723,Hedi,Pledge,hpledgek2,hpledgek2@com.com,qsdI2U1MTz
724,Mischa,Verheijden,mverheijdenk3,mverheijdenk3@prnewswire.com,sLMnf6JTiL
725,Giordano,Garber,ggarberk4,ggarberk4@e-recht24.de,EuiXi1R
726,Casey,Kohter,ckohterk5,ckohterk5@webeden.co.uk,t7N5QG
727,Mina,Hansley,mhansleyk6,mhansleyk6@cam.ac.uk,qtq0StzZ2jOK
728,Carter,Gwin,cgwink7,cgwink7@bbb.org,LlQTHx
729,Aleda,Abrahams,aabrahamsk8,aabrahamsk8@eepurl.com,1olfXf7Bw
730,Godfry,Axelbey,gaxelbeyk9,gaxelbeyk9@cloudflare.com,aOR5M9
731,Kylen,Pacquet,kpacquetka,kpacquetka@blogger.com,5YTBFyH
732,Estell,Lurcock,elurcockkb,elurcockkb@chron.com,Nw2Ude3T
733,Neddie,Macconachy,nmacconachykc,nmacconachykc@sphinn.com,8wsCrc9h7O1
734,Cariotta,Tarbard,ctarbardkd,ctarbardkd@youtu.be,EwhaNY4F
735,Shaina,Infante,sinfanteke,sinfanteke@usa.gov,wUyvWas7
736,Marlin,Rosenbush,mrosenbushkf,mrosenbushkf@blogger.com,XTFmxlw6
737,Nero,Sherred,nsherredkg,nsherredkg@posterous.com,aY1nIl9dmJk
738,Abbie,Eynon,aeynonkh,aeynonkh@elegantthemes.com,d2QEvq5
739,Tedda,Grunbaum,tgrunbaumki,tgrunbaumki@diigo.com,Fv4sJ6kN1Z2
740,Rochette,Jimmison,rjimmisonkj,rjimmisonkj@geocities.jp,E6Znfvkku1
741,Pammie,Jump,pjumpkk,pjumpkk@chicagotribune.com,gVyUccmPNFl
742,Alvinia,Redmore,aredmorekl,aredmorekl@ocn.ne.jp,i96F2N
743,Cristi,Baudain,cbaudainkm,cbaudainkm@uol.com.br,p2hDY7
744,Wilburt,Glendining,wglendiningkn,wglendiningkn@lulu.com,KvtQvDG
745,Daria,Clayworth,dclayworthko,dclayworthko@forbes.com,FYvKMlZFQ
746,Max,Robey,mrobeykp,mrobeykp@examiner.com,266rAGZyRT
747,Marti,Bunn,mbunnkq,mbunnkq@tuttocitta.it,ejH1mB6
748,Dannel,Guyer,dguyerkr,dguyerkr@sohu.com,7Wv8787AY8
749,Noemi,Stritton,nstrittonks,nstrittonks@ning.com,HHy7vtJHxQYY
750,Mickie,Yukhnevich,myukhnevichkt,myukhnevichkt@list-manage.com,k3yj3LzNX
751,Dougie,Hinrichsen,dhinrichsenku,dhinrichsenku@imageshack.us,mA4YFk
752,Libbie,Tompsett,ltompsettkv,ltompsettkv@indiatimes.com,FhVSovK
753,Genni,Hannaford,ghannafordkw,ghannafordkw@vimeo.com,jEGrm7HBRci
754,Kareem,Bilbrook,kbilbrookkx,kbilbrookkx@dedecms.com,2z900B5wSoN
755,Pancho,Juggins,pjugginsky,pjugginsky@cbc.ca,NogfKe71Zc
756,Monika,Lanktree,mlanktreekz,mlanktreekz@who.int,ey6WJtYtmO
757,Millicent,Plail,mplaill0,mplaill0@google.es,XJPgCC4
758,Carie,Tomasutti,ctomasuttil1,ctomasuttil1@prnewswire.com,YFrifC4Ng1l
759,Flory,Foulds,ffouldsl2,ffouldsl2@google.com,8WGGHz4
760,Shelton,Lodeke,slodekel3,slodekel3@ezinearticles.com,kFpL13cLqhhg
761,Normy,Dolton,ndoltonl4,ndoltonl4@shutterfly.com,vyELKmJIL
762,Stephanus,Crielly,scriellyl5,scriellyl5@scientificamerican.com,ldZL7KSh
763,Laurella,Petrushkevich,lpetrushkevichl6,lpetrushkevichl6@oracle.com,vZHsu2
764,Carine,Ingold,cingoldl7,cingoldl7@techcrunch.com,vxYsgDgwA6
765,Henri,Genner,hgennerl8,hgennerl8@myspace.com,Oh4VoRV81
766,Conny,Pothecary,cpothecaryl9,cpothecaryl9@opensource.org,tqvVDvNSc
767,Berky,Flahive,bflahivela,bflahivela@usatoday.com,X7JrQTg01
768,Jobie,Tejero,jtejerolb,jtejerolb@globo.com,sMNHga03Qexr
769,Madison,Charlesworth,mcharlesworthlc,mcharlesworthlc@noaa.gov,F0Q9gaMpVy5
770,Guthrey,MacMeeking,gmacmeekingld,gmacmeekingld@bizjournals.com,wL2t97N
771,Silvio,Medforth,smedforthle,smedforthle@taobao.com,B5VWexu8
772,Armstrong,Cecchi,acecchilf,acecchilf@mapy.cz,loxMIbOPEYc8
773,Teri,Curnnok,tcurnnoklg,tcurnnoklg@upenn.edu,ox0sCaWIWKu
774,Athene,Walasik,awalasiklh,awalasiklh@umich.edu,iueZ7yFzqH9
775,Mordy,Stalf,mstalfli,mstalfli@mozilla.org,7dJqFnCczaT
776,Thomasine,Verchambre,tverchambrelj,tverchambrelj@deliciousdays.com,LQBSiC
777,Ruperta,Jammes,rjammeslk,rjammeslk@usda.gov,bVxdaRR
778,Almire,Zebedee,azebedeell,azebedeell@ebay.co.uk,Yjh1z7dtVB
779,Dorine,Smillie,dsmillielm,dsmillielm@ameblo.jp,fnopQqDKjr
780,Whitman,Scantleberry,wscantleberryln,wscantleberryln@123-reg.co.uk,n2dKRJ
781,Terrill,Nairy,tnairylo,tnairylo@salon.com,jb0ELp07L
782,Eulalie,Teas,eteaslp,eteaslp@hugedomains.com,eAo6YuJ4EhR
783,Nicola,Treleven,ntrelevenlq,ntrelevenlq@msu.edu,wdliYRE0
784,Natasha,Stirrup,nstirruplr,nstirruplr@yolasite.com,26W0t78IPco
785,Conny,Kean,ckeanls,ckeanls@loc.gov,TYcaLh
786,Darbie,Woodley,dwoodleylt,dwoodleylt@infoseek.co.jp,9Spkfs4
787,Goober,Winn,gwinnlu,gwinnlu@example.com,Ifa6nZrB
788,Marthena,Cristofalo,mcristofalolv,mcristofalolv@yahoo.com,J9TRVL
789,Roderick,Friedenbach,rfriedenbachlw,rfriedenbachlw@godaddy.com,B5pldNLq
790,Nicko,Le Galle,nlegallelx,nlegallelx@pcworld.com,6LvPhQwGc
791,Dietrich,Commucci,dcommuccily,dcommuccily@google.it,0TGhaz4
792,Tabitha,Duchateau,tduchateaulz,tduchateaulz@booking.com,JEk9Qo2VQ
793,Briny,Henaughan,bhenaughanm0,bhenaughanm0@washington.edu,lHHk44q
794,Desiri,Lugton,dlugtonm1,dlugtonm1@tuttocitta.it,6Phe5Vz
795,Merry,Dottridge,mdottridgem2,mdottridgem2@angelfire.com,68Q8uf
796,Alyce,Hylton,ahyltonm3,ahyltonm3@gov.uk,BGmVVpEyDh01
797,Angel,Muldoon,amuldoonm4,amuldoonm4@jugem.jp,VfVZQekVGL
798,Tibold,Clancy,tclancym5,tclancym5@github.io,n32JiMwRD
799,Valenka,Cousens,vcousensm6,vcousensm6@wp.com,75yPNY
800,Lily,Szwandt,lszwandtm7,lszwandtm7@skyrock.com,Cb8KQuUwp
801,Fowler,Buske,fbuskem8,fbuskem8@google.it,9lGPiVoPtIj0
802,Flinn,Casali,fcasalim9,fcasalim9@pbs.org,xP7gDFsYr4
803,Johnna,Tracey,jtraceyma,jtraceyma@angelfire.com,V9jQObc1YifC
804,Sharron,Crisford,scrisfordmb,scrisfordmb@moonfruit.com,dJL4DsamBK
805,Menard,Thieme,mthiememc,mthiememc@disqus.com,lYnAFB6
806,Ermengarde,Oliva,eolivamd,eolivamd@plala.or.jp,3C4K10
807,Eleanor,Lougheed,elougheedme,elougheedme@wikimedia.org,Np2rF6ozz
808,Reinhold,Daton,rdatonmf,rdatonmf@multiply.com,8SHH3v4AIFK
809,Emmy,Kiebes,ekiebesmg,ekiebesmg@paginegialle.it,kUZV0A8n3m
810,Brian,Lehr,blehrmh,blehrmh@de.vu,bJiapIDU
811,Kitti,Aspden,kaspdenmi,kaspdenmi@jugem.jp,JUGC1g
812,Clarisse,Corking,ccorkingmj,ccorkingmj@newyorker.com,z7q8A64Ci
813,Rowe,Overlow,roverlowmk,roverlowmk@about.com,pPrOiFvI
814,Nikolia,Borthe,nbortheml,nbortheml@hostgator.com,K9CfEIb
815,Joseito,Orneblow,jorneblowmm,jorneblowmm@desdev.cn,UmIKZROB
816,Berkie,Pearmine,bpearminemn,bpearminemn@economist.com,20u210Eajv9w
817,Menard,Musgrove,mmusgrovemo,mmusgrovemo@reverbnation.com,4IW7lH4F3sb
818,Matteo,Barfoot,mbarfootmp,mbarfootmp@so-net.ne.jp,wT3Dcz3ip
819,Tamiko,Garmans,tgarmansmq,tgarmansmq@samsung.com,30HKxNd3WVgn
820,Robin,Gabitis,rgabitismr,rgabitismr@china.com.cn,AWDqjR
821,Issi,Du Hamel,iduhamelms,iduhamelms@blogs.com,ncEbgT
822,Gray,Foch,gfochmt,gfochmt@ed.gov,QVmNY8
823,Hyacinthe,Trahearn,htrahearnmu,htrahearnmu@nps.gov,UlmFcWr605
824,Charis,Lafond,clafondmv,clafondmv@wix.com,3ZMgjemJG
825,Hadleigh,Gilliver,hgillivermw,hgillivermw@sogou.com,nAxQoBzEo
826,Heywood,Margram,hmargrammx,hmargrammx@ebay.com,oMqkc6LSZ3z
827,Arte,Faulder,afauldermy,afauldermy@epa.gov,Z3kumtP
828,Charin,Isac,cisacmz,cisacmz@phpbb.com,MP2xM3
829,Conrad,Vedekhin,cvedekhinn0,cvedekhinn0@mlb.com,xYmLcRa
830,Anallise,Bottby,abottbyn1,abottbyn1@issuu.com,FGZVD37
831,Kelci,Gomersal,kgomersaln2,kgomersaln2@nymag.com,zq4D3m7jWF
832,Fanni,Ruggier,fruggiern3,fruggiern3@ca.gov,J8gA754
833,Townie,Smelley,tsmelleyn4,tsmelleyn4@behance.net,P9SZIkbJdz
834,Ema,Scriviner,escrivinern5,escrivinern5@wp.com,SB9OUP
835,Sybyl,Tweedy,stweedyn6,stweedyn6@pagesperso-orange.fr,CJjriO
836,Aubine,Lytton,alyttonn7,alyttonn7@newyorker.com,537DFrxUGhb
837,Leonore,Boman,lbomann8,lbomann8@artisteer.com,ljODzB
838,Wilone,Girone,wgironen9,wgironen9@imdb.com,4wuecbxXZBCx
839,Sherilyn,Peel,speelna,speelna@yellowbook.com,YaG7NpeIj1U
840,Jo-ann,McClenaghan,jmcclenaghannb,jmcclenaghannb@aol.com,GFXIXs
841,Artemas,Raistrick,araistricknc,araistricknc@woothemes.com,wTRMfYx1DZW0
842,Verla,Arden,vardennd,vardennd@amazonaws.com,XchzTBI8
843,Annnora,Houlston,ahoulstonne,ahoulstonne@topsy.com,CFg3bu
844,Jacquetta,Witherow,jwitherownf,jwitherownf@icq.com,xWlYYMcY3
845,Chandal,Doll,cdollng,cdollng@yandex.ru,vj9Klwh6u
846,Ludovico,M'Quharg,lmquhargnh,lmquhargnh@trellian.com,2Ea7M6aXoD
847,Rosanna,Shovelin,rshovelinni,rshovelinni@gov.uk,6qlOrfYQ
848,Ricky,Cancutt,rcancuttnj,rcancuttnj@amazon.com,LmieVSKey0T
849,Sarina,Lecky,sleckynk,sleckynk@imgur.com,wIm3QnLNv4ho
850,Gilbertina,Jeste,gjestenl,gjestenl@dyndns.org,97qxZVdt
851,Ruy,Sherville,rshervillenm,rshervillenm@marketwatch.com,I721bHH
852,Titos,Note,tnotenn,tnotenn@friendfeed.com,mxqfl7KfYmOV
853,Yolanda,Eldrid,yeldridno,yeldridno@bing.com,1SHoTht
854,Rennie,Mackness,rmacknessnp,rmacknessnp@istockphoto.com,bYfmU6A
855,Charity,Panchin,cpanchinnq,cpanchinnq@chron.com,0pvG7Cb
856,Perrine,Dyhouse,pdyhousenr,pdyhousenr@msn.com,8iQhgVYmNOIU
857,Cord,Blything,cblythingns,cblythingns@youtu.be,QL4Xu6hCM2qp
858,Far,Walesa,fwalesant,fwalesant@nyu.edu,ylfplLHmPT
859,Jan,Francomb,jfrancombnu,jfrancombnu@wsj.com,zxVEENJD
860,Darrick,Farquharson,dfarquharsonnv,dfarquharsonnv@sakura.ne.jp,twTUuc
861,Alanna,Tuny,atunynw,atunynw@businessweek.com,hKnfNrgMy7r
862,Marylou,Claypoole,mclaypoolenx,mclaypoolenx@ucla.edu,nvmtwb0
863,Sammy,Enstone,senstoneny,senstoneny@hao123.com,2BOr5PDD
864,Sherilyn,Kleisle,skleislenz,skleislenz@sohu.com,nwudJU
865,Mufinella,Gauford,mgaufordo0,mgaufordo0@usa.gov,15K0lCFK
866,Christie,Enderwick,cenderwicko1,cenderwicko1@google.de,1HYRQJw49suI
867,Stewart,Girault,sgiraulto2,sgiraulto2@ebay.co.uk,T6R1PysX80q
868,Marney,Draude,mdraudeo3,mdraudeo3@walmart.com,p32xsmM
869,Martelle,Johannesson,mjohannessono4,mjohannessono4@acquirethisname.com,pGHjoo5gDI
870,Marti,Agnew,magnewo5,magnewo5@uiuc.edu,1jlokekoV1a
871,Lisbeth,Whiskin,lwhiskino6,lwhiskino6@blogtalkradio.com,IsTPiwV9P
872,Charmaine,Dubois,cduboiso7,cduboiso7@mediafire.com,ox3Bt8f8M
873,Etienne,Christal,echristalo8,echristalo8@wunderground.com,1XxEIZE
874,Sherry,Matcham,smatchamo9,smatchamo9@is.gd,MkEMWeHVfZCv
875,Nigel,MacAllen,nmacallenoa,nmacallenoa@house.gov,LWaJYfF
876,Sauveur,Dabney,sdabneyob,sdabneyob@businesswire.com,jOAB0Ht
877,Ahmad,Cuxson,acuxsonoc,acuxsonoc@usa.gov,pJXbRxt1
878,Brnaba,Leguey,blegueyod,blegueyod@prlog.org,2zqBnJ
879,Cirstoforo,Oven,covenoe,covenoe@gizmodo.com,67EY1WuXX6t
880,Casar,Chitty,cchittyof,cchittyof@bluehost.com,1t8qsWYgQK
881,Gray,Warin,gwarinog,gwarinog@buzzfeed.com,qxC2kZipXF
882,Sylvan,Fardy,sfardyoh,sfardyoh@mysql.com,rPn0yE4
883,Alexi,Voisey,avoiseyoi,avoiseyoi@furl.net,LaocSLRSV
884,Ottilie,Trundell,otrundelloj,otrundelloj@intel.com,qU529WQy
885,Edithe,Overnell,eovernellok,eovernellok@nih.gov,9t1ZlDuoum4
886,Silvie,Jimes,sjimesol,sjimesol@cbslocal.com,QBNgLjvN9
887,Andie,Croal,acroalom,acroalom@indiegogo.com,yL998qa8Lwc6
888,Valina,Hook,vhookon,vhookon@dion.ne.jp,61McPF
889,Devin,McBrearty,dmcbreartyoo,dmcbreartyoo@mashable.com,SYnJDuk9
890,Prescott,Pitchford,ppitchfordop,ppitchfordop@jalbum.net,iMHrvjm9WqzL
891,Jillana,Godney,jgodneyoq,jgodneyoq@skyrock.com,2pzcxRD3lTyd
892,Meg,Pardy,mpardyor,mpardyor@nps.gov,XlU6GuZzSLQ
893,Jacquelynn,Torvey,jtorveyos,jtorveyos@marketwatch.com,5rUReOoJNf
894,Carly,Nichol,cnicholot,cnicholot@imageshack.us,ZtxkXY
895,Cecelia,Reddy,creddyou,creddyou@oakley.com,BbeJdn
896,Ben,Cinnamond,bcinnamondov,bcinnamondov@ft.com,F2EvZs9GGH
897,Feodora,Matitiaho,fmatitiahoow,fmatitiahoow@goo.gl,cMypAu8
898,Row,Giordano,rgiordanoox,rgiordanoox@spiegel.de,fk51sg
899,Anson,Bayless,abaylessoy,abaylessoy@mediafire.com,znhWSo5Q8S
900,Feliza,Bidder,fbidderoz,fbidderoz@google.pl,DudLOoOfPF
901,Darwin,Arnull,darnullp0,darnullp0@moonfruit.com,jJxUKNtqdb
902,Alexina,Kerbey,akerbeyp1,akerbeyp1@ebay.co.uk,KG47pq0
903,Hillyer,Verrills,hverrillsp2,hverrillsp2@webeden.co.uk,R1T6HW66tnK
904,Keefe,Hubbucke,khubbuckep3,khubbuckep3@netvibes.com,l5cN4l745CC0
905,Gianina,Mussettini,gmussettinip4,gmussettinip4@wikia.com,Zi4ASO1GoAo
906,Rebbecca,Oak,roakp5,roakp5@vkontakte.ru,VEtcXkZG
907,Freeman,Spofforth,fspofforthp6,fspofforthp6@adobe.com,Dav2nk
908,Carmelita,Vose,cvosep7,cvosep7@unblog.fr,MmeAxp60xzx
909,Allyn,Colebourn,acolebournp8,acolebournp8@cnbc.com,PDwy5rkwdJ
910,Megen,Barbosa,mbarbosap9,mbarbosap9@europa.eu,0hoABW
911,Jennie,McCullogh,jmcculloghpa,jmcculloghpa@myspace.com,1GqwhD19W4R
912,Giustina,Pether,gpetherpb,gpetherpb@princeton.edu,O5schMRw
913,Jonis,Tunnicliffe,jtunnicliffepc,jtunnicliffepc@answers.com,p80TViUJww
914,Tait,Struttman,tstruttmanpd,tstruttmanpd@miibeian.gov.cn,iOO9cyGGjLXs
915,Horatia,Pounder,hpounderpe,hpounderpe@jalbum.net,ykhylHNBD4jB
916,Gwendolen,Urridge,gurridgepf,gurridgepf@paypal.com,Q11T5E6GR1
917,Gav,Bowmen,gbowmenpg,gbowmenpg@bing.com,ZbjhIo9
918,Addie,Havelin,ahavelinph,ahavelinph@state.gov,V6kh6ROAPsS
919,Josh,Toffolo,jtoffolopi,jtoffolopi@usgs.gov,TKHd6jh
920,Desiri,Caws,dcawspj,dcawspj@amazon.co.uk,e9Lnzu3A
921,Margi,Isakovic,misakovicpk,misakovicpk@nymag.com,LECFALVm
922,Kaycee,Voce,kvocepl,kvocepl@cnbc.com,uFccldolPfl
923,Katrinka,Pydcock,kpydcockpm,kpydcockpm@pen.io,e72tMYA
924,Chelsey,Bullivant,cbullivantpn,cbullivantpn@nasa.gov,cynt15p3FCte
925,Gert,Mullinger,gmullingerpo,gmullingerpo@scientificamerican.com,ptBsNxGJp
926,Nonnah,Iacovielli,niacoviellipp,niacoviellipp@icq.com,yTDS9FezXq
927,Roman,Linney,rlinneypq,rlinneypq@europa.eu,QSsaths
928,Raven,Drysdall,rdrysdallpr,rdrysdallpr@xrea.com,baS6gl0ul5VT
929,Gilda,Donlon,gdonlonps,gdonlonps@goodreads.com,KGsr6n
930,Ambur,Densell,adensellpt,adensellpt@mozilla.com,qB6DqIsG6I
931,Karlene,Caghan,kcaghanpu,kcaghanpu@patch.com,7bKvGWE
932,Welby,Flack,wflackpv,wflackpv@redcross.org,Ak7b8N8RcH
933,Ardene,Plester,aplesterpw,aplesterpw@surveymonkey.com,gTMVH56aM
934,Sharyl,Laurenzi,slaurenzipx,slaurenzipx@wikispaces.com,i1uWT6cs5
935,Gayelord,Shobrook,gshobrookpy,gshobrookpy@woothemes.com,4h7cN6YYlC
936,Gale,Chinnery,gchinnerypz,gchinnerypz@umich.edu,pL89X4
937,Efrem,Lemerie,elemerieq0,elemerieq0@ft.com,CQ3J5ozOA
938,Gates,Harbour,gharbourq1,gharbourq1@elegantthemes.com,5pzS46
939,Dorolisa,Krol,dkrolq2,dkrolq2@fc2.com,3uWwo57f7w
940,Amber,Endricci,aendricciq3,aendricciq3@sogou.com,kIFLxVlUqnK7
941,Willetta,Bardey,wbardeyq4,wbardeyq4@facebook.com,idPnuoG
942,Kaleena,Munroe,kmunroeq5,kmunroeq5@sakura.ne.jp,byJs3g2N
943,Daron,Grzelczyk,dgrzelczykq6,dgrzelczykq6@github.com,BZxJnZGu
944,Evelyn,Scarrisbrick,escarrisbrickq7,escarrisbrickq7@intel.com,bqpgwJ5n1
945,Lowrance,Hambribe,lhambribeq8,lhambribeq8@phpbb.com,auBL9Ng1Iv
946,Bettina,Wheble,bwhebleq9,bwhebleq9@shareasale.com,9QzzMRVc
947,Belicia,Maestro,bmaestroqa,bmaestroqa@redcross.org,idyGH0
948,Kelcie,Brasseur,kbrasseurqb,kbrasseurqb@imdb.com,O9ckYHg8h
949,Hamid,Fitchen,hfitchenqc,hfitchenqc@home.pl,KgnqwiDl2e
950,Lynda,Mingame,lmingameqd,lmingameqd@bbc.co.uk,XLNN1TUT
951,Shamus,Gravenor,sgravenorqe,sgravenorqe@prweb.com,KTXObO3dL
952,Stephine,Haynesford,shaynesfordqf,shaynesfordqf@slashdot.org,FUn4T5uZ7aC
953,Elset,McGinnell,emcginnellqg,emcginnellqg@ft.com,RMAxv5
954,Prudi,Pocklington,ppocklingtonqh,ppocklingtonqh@plala.or.jp,9KGpq1
955,Stewart,Gokes,sgokesqi,sgokesqi@aol.com,MG4WFdZy
956,Vida,Duddin,vduddinqj,vduddinqj@qq.com,daP7Vu71UR
957,Jessy,Geikie,jgeikieqk,jgeikieqk@histats.com,kh099l3
958,Mile,Arnfield,marnfieldql,marnfieldql@cbslocal.com,cx675E
959,Shawnee,Mizzen,smizzenqm,smizzenqm@naver.com,9V365f7XCotA
960,Korie,Laffoley-Lane,klaffoleylaneqn,klaffoleylaneqn@hatena.ne.jp,OkmYV1AaLR
961,Rog,Chesters,rchestersqo,rchestersqo@netlog.com,UMeHa8HNbhn
962,Martie,Montes,mmontesqp,mmontesqp@barnesandnoble.com,FwktXsL
963,Leda,Jurewicz,ljurewiczqq,ljurewiczqq@washington.edu,pTQVeE5it
964,Salaidh,Garm,sgarmqr,sgarmqr@dropbox.com,l8dL3X
965,Jodie,Haken,jhakenqs,jhakenqs@netscape.com,2G769R0fk0C
966,Gustavus,Dallender,gdallenderqt,gdallenderqt@friendfeed.com,MvNuwv
967,Salvidor,McCree,smccreequ,smccreequ@rakuten.co.jp,RWFQ8l
968,Vladimir,O'Codihie,vocodihieqv,vocodihieqv@godaddy.com,lxq2s0NnW15v
969,Isa,Heifer,iheiferqw,iheiferqw@mapquest.com,AoYj2JLXGyVx
970,Karol,Derill,kderillqx,kderillqx@lulu.com,JBGG671r3I9
971,Lamont,Gavahan,lgavahanqy,lgavahanqy@businessweek.com,oNjh1EaLQD
972,Friederike,Aronoff,faronoffqz,faronoffqz@cbslocal.com,MCcO0O
973,Angelia,Pinar,apinarr0,apinarr0@wired.com,tuazJsC4pRz
974,Antonie,Eley,aeleyr1,aeleyr1@webmd.com,yR9B8ADV8
975,Osborn,Camock,ocamockr2,ocamockr2@bbc.co.uk,RW9VfX59ZS9
976,Samara,Ducker,sduckerr3,sduckerr3@ox.ac.uk,mOTQC1bug8
977,Willow,Larmouth,wlarmouthr4,wlarmouthr4@weibo.com,D5yvx5Q
978,Hendrik,Delion,hdelionr5,hdelionr5@microsoft.com,JuTDSjX6Yx
979,Blake,Laverenz,blaverenzr6,blaverenzr6@virginia.edu,jHMMHTcQVl
980,Rozanna,Cheyney,rcheyneyr7,rcheyneyr7@spotify.com,Wpfk1PG
981,Johann,Wanden,jwandenr8,jwandenr8@spotify.com,Cl4VdM5
982,Jameson,Mee,jmeer9,jmeer9@buzzfeed.com,dLyEdLliAKh
983,Elnora,Bretherick,ebretherickra,ebretherickra@youtu.be,sCSuKAoHWvaX
984,Starlene,Peckham,speckhamrb,speckhamrb@house.gov,JLTxCAoZs2
985,Gillian,Toohey,gtooheyrc,gtooheyrc@dagondesign.com,3oBvRy
986,Conni,Boliver,cboliverrd,cboliverrd@parallels.com,RwlJC49vDVs
987,Emelyne,Erley,eerleyre,eerleyre@weather.com,dDOFE0A0utj
988,Maressa,Collicott,mcollicottrf,mcollicottrf@unesco.org,A0Tn5rR9F
989,Helaina,Geach,hgeachrg,hgeachrg@dmoz.org,7HXdbKQ
990,Brendis,Kilfeder,bkilfederrh,bkilfederrh@cyberchimps.com,CneMXiAlg
991,Kienan,Dunbobin,kdunbobinri,kdunbobinri@apple.com,aZsZqy8lfr
992,Gracie,Sante,gsanterj,gsanterj@gravatar.com,HtJc099d
993,Mickie,Jindra,mjindrark,mjindrark@rambler.ru,TrGsKvHf2
994,Celestia,Copley,ccopleyrl,ccopleyrl@amazon.com,mPCaIg
995,Rhea,Fazan,rfazanrm,rfazanrm@cyberchimps.com,JQYcGB
996,Doti,Sargeaunt,dsargeauntrn,dsargeauntrn@acquirethisname.com,HwFmZJFD1
997,Edeline,Andell,eandellro,eandellro@miitbeian.gov.cn,jsR1Cv
998,Siobhan,Dinan,sdinanrp,sdinanrp@addthis.com,JojWQ7JU
999,Otes,Golder,ogolderrq,ogolderrq@usgs.gov,caCC2FLO5qE
1000,Beverley,Malletratt,bmalletrattrr,bmalletrattrr@trellian.com,gUtqeK7B0iOr
